date;value;year;month;day;week;startDate;endDate;weekOrder
2017-01-01 00:00:00;2.51;2017;1;1;0;-;-;0
2017-01-02 00:00:00;4.67;2017;1;2;1;2017 1 2;2017 1 8;1
2017-01-03 00:00:00;1.94;2017;1;3;1;-;-;1
2017-01-04 00:00:00;6.53;2017;1;4;1;-;-;1
2017-01-05 00:00:00;3.41;2017;1;5;1;-;-;1
2017-01-06 00:00:00;1.19;2017;1;6;1;-;-;1
2017-01-07 00:00:00;1.31;2017;1;7;1;-;-;1
2017-01-08 00:00:00;2.65;2017;1;8;1;-;-;1
2017-01-09 00:00:00;6.22;2017;1;9;2;2017 1 9;2017 1 15;2
2017-01-10 00:00:00;0.95;2017;1;10;2;-;-;2
2017-01-11 00:00:00;0.88;2017;1;11;2;-;-;2
2017-01-12 00:00:00;0.29;2017;1;12;2;-;-;2
2017-01-13 00:00:00;0.32;2017;1;13;2;-;-;2
2017-01-14 00:00:00;0.29;2017;1;14;2;-;-;2
2017-01-15 00:00:00;0.26;2017;1;15;2;-;-;2
2017-01-16 00:00:00;0.28;2017;1;16;3;2017 1 16;2017 1 22;3
2017-01-17 00:00:00;0.56;2017;1;17;3;-;-;3
2017-01-18 00:00:00;0.47;2017;1;18;3;-;-;3
2017-01-19 00:00:00;0.54;2017;1;19;3;-;-;3
2017-01-20 00:00:00;1.98;2017;1;20;3;-;-;3
2017-01-21 00:00:00;2.09;2017;1;21;3;-;-;3
2017-01-22 00:00:00;0.33;2017;1;22;3;-;-;3
2017-01-23 00:00:00;1.39;2017;1;23;4;2017 1 23;2017 1 29;4
2017-01-24 00:00:00;2.69;2017;1;24;4;-;-;4
2017-01-25 00:00:00;3.2;2017;1;25;4;-;-;4
2017-01-26 00:00:00;2.54;2017;1;26;4;-;-;4
2017-01-27 00:00:00;2.06;2017;1;27;4;-;-;4
2017-01-28 00:00:00;1.42;2017;1;28;4;-;-;4
2017-01-29 00:00:00;2.08;2017;1;29;4;-;-;4
2017-01-30 00:00:00;2.31;2017;1;30;5;2017 1 30;2017 2 5;1
2017-01-31 00:00:00;1.0;2017;1;31;5;-;-;1
2017-02-01 00:00:00;2.24;2017;2;1;5;-;-;1
2017-02-02 00:00:00;0.35;2017;2;2;5;-;-;1
2017-02-03 00:00:00;0.83;2017;2;3;5;-;-;1
2017-02-04 00:00:00;0.76;2017;2;4;5;-;-;1
2017-02-05 00:00:00;0.34;2017;2;5;5;-;-;1
2017-02-06 00:00:00;2.64;2017;2;6;6;2017 2 6;2017 2 12;2
2017-02-07 00:00:00;0.68;2017;2;7;6;-;-;2
2017-02-08 00:00:00;0.63;2017;2;8;6;-;-;2
2017-02-09 00:00:00;1.57;2017;2;9;6;-;-;2
2017-02-10 00:00:00;0.91;2017;2;10;6;-;-;2
2017-02-11 00:00:00;1.06;2017;2;11;6;-;-;2
2017-02-12 00:00:00;1.1;2017;2;12;6;-;-;2
2017-02-13 00:00:00;1.61;2017;2;13;7;2017 2 13;2017 2 19;3
2017-02-14 00:00:00;2.68;2017;2;14;7;-;-;3
2017-02-15 00:00:00;3.91;2017;2;15;7;-;-;3
2017-02-16 00:00:00;3.08;2017;2;16;7;-;-;3
2017-02-17 00:00:00;2.65;2017;2;17;7;-;-;3
2017-02-18 00:00:00;1.87;2017;2;18;7;-;-;3
2017-02-19 00:00:00;0.67;2017;2;19;7;-;-;3
2017-02-20 00:00:00;1.05;2017;2;20;8;2017 2 20;2017 2 26;4
2017-02-21 00:00:00;1.1;2017;2;21;8;-;-;4
2017-02-22 00:00:00;0.69;2017;2;22;8;-;-;4
2017-02-23 00:00:00;0.95;2017;2;23;8;-;-;4
2017-02-24 00:00:00;0.42;2017;2;24;8;-;-;4
2017-02-25 00:00:00;0.86;2017;2;25;8;-;-;4
2017-02-26 00:00:00;0.26;2017;2;26;8;-;-;4
2017-03-03 00:00:00;0.92;2017;3;3;10;2017 3 3;2017 3 9;2
2017-03-04 00:00:00;0.26;2017;3;4;10;-;-;2
2017-03-05 00:00:00;0.76;2017;3;5;10;-;-;2
2017-03-06 00:00:00;0.18;2017;3;6;10;-;-;2
2017-03-07 00:00:00;1.15;2017;3;7;10;-;-;2
2017-03-08 00:00:00;0.87;2017;3;8;10;-;-;2
2017-03-09 00:00:00;1.86;2017;3;9;10;-;-;2
2017-03-10 00:00:00;2.56;2017;3;10;11;2017 3 10;2017 3 16;3
2017-03-11 00:00:00;1.01;2017;3;11;11;-;-;3
2017-03-12 00:00:00;0.13;2017;3;12;11;-;-;3
2017-03-13 00:00:00;0.32;2017;3;13;11;-;-;3
2017-03-14 00:00:00;0.18;2017;3;14;11;-;-;3
2017-03-15 00:00:00;0.38;2017;3;15;11;-;-;3
2017-03-16 00:00:00;1.04;2017;3;16;11;-;-;3
2017-03-17 00:00:00;0.31;2017;3;17;12;2017 3 17;2017 3 23;4
2017-03-18 00:00:00;0.12;2017;3;18;12;-;-;4
2017-03-19 00:00:00;0.21;2017;3;19;12;-;-;4
2017-03-20 00:00:00;0.6;2017;3;20;12;-;-;4
2017-03-21 00:00:00;0.28;2017;3;21;12;-;-;4
2017-03-22 00:00:00;0.23;2017;3;22;12;-;-;4
2017-03-23 00:00:00;0.23;2017;3;23;12;-;-;4
2017-03-24 00:00:00;0.37;2017;3;24;13;2017 3 24;2017 3 30;1
2017-03-25 00:00:00;0.66;2017;3;25;13;-;-;1
2017-03-26 00:00:00;0.48;2017;3;26;13;-;-;1
2017-03-27 00:00:00;0.38;2017;3;27;13;-;-;1
2017-03-28 00:00:00;1.19;2017;3;28;13;-;-;1
2017-03-29 00:00:00;1.38;2017;3;29;13;-;-;1
2017-03-30 00:00:00;1.82;2017;3;30;13;-;-;1
2017-03-31 00:00:00;0.55;2017;3;31;14;2017 3 31;2017 4 6;2
2017-04-01 00:00:00;0.15;2017;4;1;14;-;-;2
2017-04-02 00:00:00;0.12;2017;4;2;14;-;-;2
2017-04-03 00:00:00;0.72;2017;4;3;14;-;-;2
2017-04-04 00:00:00;0.43;2017;4;4;14;-;-;2
2017-04-05 00:00:00;0.2;2017;4;5;14;-;-;2
2017-04-06 00:00:00;0.31;2017;4;6;14;-;-;2
2017-04-07 00:00:00;0.35;2017;4;7;15;2017 4 7;2017 4 13;3
2017-04-08 00:00:00;0.51;2017;4;8;15;-;-;3
2017-04-09 00:00:00;0.31;2017;4;9;15;-;-;3
2017-04-10 00:00:00;0.25;2017;4;10;15;-;-;3
2017-04-11 00:00:00;0.21;2017;4;11;15;-;-;3
2017-04-12 00:00:00;0.25;2017;4;12;15;-;-;3
2017-04-13 00:00:00;0.2;2017;4;13;15;-;-;3
2017-04-14 00:00:00;0.45;2017;4;14;16;2017 4 14;2017 4 20;4
2017-04-15 00:00:00;0.2;2017;4;15;16;-;-;4
2017-04-16 00:00:00;0.24;2017;4;16;16;-;-;4
2017-04-17 00:00:00;0.22;2017;4;17;16;-;-;4
2017-04-18 00:00:00;0.2;2017;4;18;16;-;-;4
2017-04-19 00:00:00;0.21;2017;4;19;16;-;-;4
2017-04-20 00:00:00;0.25;2017;4;20;16;-;-;4
2017-04-21 00:00:00;0.49;2017;4;21;17;2017 4 21;2017 4 27;1
2017-04-22 00:00:00;0.42;2017;4;22;17;-;-;1
2017-04-23 00:00:00;0.21;2017;4;23;17;-;-;1
2017-04-24 00:00:00;0.42;2017;4;24;17;-;-;1
2017-04-25 00:00:00;0.2;2017;4;25;17;-;-;1
2017-04-26 00:00:00;0.2;2017;4;26;17;-;-;1
2017-04-27 00:00:00;0.21;2017;4;27;17;-;-;1
2017-04-28 00:00:00;0.27;2017;4;28;18;2017 4 28;2017 5 3;2
2017-04-29 00:00:00;0.25;2017;4;29;18;-;-;2
2017-04-30 00:00:00;0.23;2017;4;30;18;-;-;2
2017-4-31 00:00:00;0.3;2017;4;31;18;-;-;2
2017-05-01 00:00:00;0.36;2017;5;1;18;-;-;2
2017-05-02 00:00:00;0.36;2017;5;2;18;-;-;2
2017-05-03 00:00:00;0.2;2017;5;3;18;-;-;2
2017-05-04 00:00:00;0.28;2017;5;4;19;2017 5 4;2017 5 10;3
2017-05-05 00:00:00;0.35;2017;5;5;19;-;-;3
2017-05-06 00:00:00;0.26;2017;5;6;19;-;-;3
2017-05-07 00:00:00;0.21;2017;5;7;19;-;-;3
2017-05-08 00:00:00;0.25;2017;5;8;19;-;-;3
2017-05-09 00:00:00;0.23;2017;5;9;19;-;-;3
2017-05-10 00:00:00;0.38;2017;5;10;19;-;-;3
2017-05-11 00:00:00;0.27;2017;5;11;20;2017 5 11;2017 5 17;4
2017-05-12 00:00:00;0.26;2017;5;12;20;-;-;4
2017-05-13 00:00:00;0.28;2017;5;13;20;-;-;4
2017-05-14 00:00:00;0.23;2017;5;14;20;-;-;4
2017-05-15 00:00:00;0.47;2017;5;15;20;-;-;4
2017-05-16 00:00:00;0.41;2017;5;16;20;-;-;4
2017-05-17 00:00:00;0.66;2017;5;17;20;-;-;4
2017-05-18 00:00:00;0.27;2017;5;18;21;2017 5 18;2017 5 24;1
2017-05-19 00:00:00;0.61;2017;5;19;21;-;-;1
2017-05-20 00:00:00;0.26;2017;5;20;21;-;-;1
2017-05-21 00:00:00;0.37;2017;5;21;21;-;-;1
2017-05-22 00:00:00;0.37;2017;5;22;21;-;-;1
2017-05-23 00:00:00;0.47;2017;5;23;21;-;-;1
2017-05-24 00:00:00;0.38;2017;5;24;21;-;-;1
2017-05-25 00:00:00;1.26;2017;5;25;22;2017 5 25;2017 5 31;2
2017-05-26 00:00:00;0.84;2017;5;26;22;-;-;2
2017-05-27 00:00:00;0.38;2017;5;27;22;-;-;2
2017-05-28 00:00:00;0.21;2017;5;28;22;-;-;2
2017-05-29 00:00:00;0.27;2017;5;29;22;-;-;2
2017-05-30 00:00:00;0.36;2017;5;30;22;-;-;2
2017-05-31 00:00:00;0.33;2017;5;31;22;-;-;2
2017-06-01 00:00:00;1.5;2017;6;1;23;2017 6 1;2017 6 7;3
2017-06-02 00:00:00;0.24;2017;6;2;23;-;-;3
2017-06-03 00:00:00;0.22;2017;6;3;23;-;-;3
2017-06-04 00:00:00;0.23;2017;6;4;23;-;-;3
2017-06-05 00:00:00;0.33;2017;6;5;23;-;-;3
2017-06-06 00:00:00;0.2;2017;6;6;23;-;-;3
2017-06-07 00:00:00;0.34;2017;6;7;23;-;-;3
2017-06-08 00:00:00;0.29;2017;6;8;24;2017 6 8;2017 6 14;4
2017-06-09 00:00:00;0.3;2017;6;9;24;-;-;4
2017-06-10 00:00:00;0.25;2017;6;10;24;-;-;4
2017-06-11 00:00:00;0.2;2017;6;11;24;-;-;4
2017-06-12 00:00:00;0.24;2017;6;12;24;-;-;4
2017-06-13 00:00:00;0.27;2017;6;13;24;-;-;4
2017-06-14 00:00:00;0.27;2017;6;14;24;-;-;4
2017-06-15 00:00:00;0.22;2017;6;15;25;2017 6 15;2017 6 21;1
2017-06-16 00:00:00;0.2;2017;6;16;25;-;-;1
2017-06-17 00:00:00;0.2;2017;6;17;25;-;-;1
2017-06-18 00:00:00;0.23;2017;6;18;25;-;-;1
2017-06-19 00:00:00;0.46;2017;6;19;25;-;-;1
2017-06-20 00:00:00;0.41;2017;6;20;25;-;-;1
2017-06-21 00:00:00;0.45;2017;6;21;25;-;-;1
2017-06-22 00:00:00;0.33;2017;6;22;26;2017 6 22;2017 6 28;2
2017-06-23 00:00:00;0.28;2017;6;23;26;-;-;2
2017-06-24 00:00:00;0.25;2017;6;24;26;-;-;2
2017-06-25 00:00:00;0.25;2017;6;25;26;-;-;2
2017-06-26 00:00:00;0.3;2017;6;26;26;-;-;2
2017-06-27 00:00:00;0.31;2017;6;27;26;-;-;2
2017-06-28 00:00:00;0.27;2017;6;28;26;-;-;2
2017-06-29 00:00:00;0.26;2017;6;29;27;2017 6 29;2017 7 4;3
2017-06-30 00:00:00;0.29;2017;6;30;27;-;-;3
2017-6-31 00:00:00;0.28;2017;6;31;27;-;-;3
2017-07-01 00:00:00;0.26;2017;7;1;27;-;-;3
2017-07-02 00:00:00;0.25;2017;7;2;27;-;-;3
2017-07-03 00:00:00;0.25;2017;7;3;27;-;-;3
2017-07-04 00:00:00;0.29;2017;7;4;27;-;-;3
2017-07-05 00:00:00;0.28;2017;7;5;28;2017 7 5;2017 7 11;4
2017-07-06 00:00:00;0.35;2017;7;6;28;-;-;4
2017-07-07 00:00:00;0.33;2017;7;7;28;-;-;4
2017-07-08 00:00:00;0.25;2017;7;8;28;-;-;4
2017-07-09 00:00:00;0.25;2017;7;9;28;-;-;4
2017-07-10 00:00:00;0.25;2017;7;10;28;-;-;4
2017-07-11 00:00:00;0.25;2017;7;11;28;-;-;4
2017-07-12 00:00:00;0.34;2017;7;12;29;2017 7 12;2017 7 18;1
2017-07-13 00:00:00;0.3;2017;7;13;29;-;-;1
2017-07-14 00:00:00;0.26;2017;7;14;29;-;-;1
2017-07-15 00:00:00;0.25;2017;7;15;29;-;-;1
2017-07-16 00:00:00;0.25;2017;7;16;29;-;-;1
2017-07-17 00:00:00;0.26;2017;7;17;29;-;-;1
2017-07-18 00:00:00;0.34;2017;7;18;29;-;-;1
2017-07-19 00:00:00;0.31;2017;7;19;30;2017 7 19;2017 7 25;2
2017-07-20 00:00:00;0.27;2017;7;20;30;-;-;2
2017-07-21 00:00:00;0.29;2017;7;21;30;-;-;2
2017-07-22 00:00:00;0.25;2017;7;22;30;-;-;2
2017-07-23 00:00:00;0.25;2017;7;23;30;-;-;2
2017-07-24 00:00:00;0.25;2017;7;24;30;-;-;2
2017-07-25 00:00:00;0.25;2017;7;25;30;-;-;2
2017-07-26 00:00:00;0.32;2017;7;26;31;2017 7 26;2017 8 1;3
2017-07-27 00:00:00;0.35;2017;7;27;31;-;-;3
2017-07-28 00:00:00;0.32;2017;7;28;31;-;-;3
2017-07-29 00:00:00;0.25;2017;7;29;31;-;-;3
2017-07-30 00:00:00;0.25;2017;7;30;31;-;-;3
2017-07-31 00:00:00;0.26;2017;7;31;31;-;-;3
2017-08-01 00:00:00;0.28;2017;8;1;31;-;-;3
2017-08-02 00:00:00;0.37;2017;8;2;32;2017 8 2;2017 8 8;4
2017-08-03 00:00:00;0.27;2017;8;3;32;-;-;4
2017-08-04 00:00:00;0.28;2017;8;4;32;-;-;4
2017-08-05 00:00:00;0.25;2017;8;5;32;-;-;4
2017-08-06 00:00:00;0.25;2017;8;6;32;-;-;4
2017-08-07 00:00:00;0.27;2017;8;7;32;-;-;4
2017-08-08 00:00:00;0.26;2017;8;8;32;-;-;4
2017-08-09 00:00:00;0.3;2017;8;9;33;2017 8 9;2017 8 15;1
2017-08-10 00:00:00;0.5;2017;8;10;33;-;-;1
2017-08-11 00:00:00;0.29;2017;8;11;33;-;-;1
2017-08-12 00:00:00;0.48;2017;8;12;33;-;-;1
2017-08-13 00:00:00;0.26;2017;8;13;33;-;-;1
2017-08-14 00:00:00;0.25;2017;8;14;33;-;-;1
2017-08-15 00:00:00;0.25;2017;8;15;33;-;-;1
2017-08-16 00:00:00;0.31;2017;8;16;34;2017 8 16;2017 8 22;2
2017-08-17 00:00:00;0.28;2017;8;17;34;-;-;2
2017-08-18 00:00:00;0.25;2017;8;18;34;-;-;2
2017-08-19 00:00:00;0.25;2017;8;19;34;-;-;2
2017-08-20 00:00:00;0.25;2017;8;20;34;-;-;2
2017-08-21 00:00:00;0.55;2017;8;21;34;-;-;2
2017-08-22 00:00:00;0.56;2017;8;22;34;-;-;2
2017-08-23 00:00:00;0.27;2017;8;23;35;2017 8 23;2017 8 29;3
2017-08-24 00:00:00;0.27;2017;8;24;35;-;-;3
2017-08-25 00:00:00;0.35;2017;8;25;35;-;-;3
2017-08-26 00:00:00;0.31;2017;8;26;35;-;-;3
2017-08-27 00:00:00;0.37;2017;8;27;35;-;-;3
2017-08-28 00:00:00;0.39;2017;8;28;35;-;-;3
2017-08-29 00:00:00;0.26;2017;8;29;35;-;-;3
2017-08-30 00:00:00;0.27;2017;8;30;36;2017 8 30;2017 9 5;4
2017-08-31 00:00:00;0.55;2017;8;31;36;-;-;4
2017-09-01 00:00:00;0.35;2017;9;1;36;-;-;4
2017-09-02 00:00:00;0.28;2017;9;2;36;-;-;4
2017-09-03 00:00:00;0.32;2017;9;3;36;-;-;4
2017-09-04 00:00:00;0.26;2017;9;4;36;-;-;4
2017-09-05 00:00:00;0.33;2017;9;5;36;-;-;4
2017-09-06 00:00:00;0.28;2017;9;6;37;2017 9 6;2017 9 12;1
2017-09-07 00:00:00;0.28;2017;9;7;37;-;-;1
2017-09-08 00:00:00;0.25;2017;9;8;37;-;-;1
2017-09-09 00:00:00;0.26;2017;9;9;37;-;-;1
2017-09-10 00:00:00;0.29;2017;9;10;37;-;-;1
2017-09-11 00:00:00;0.27;2017;9;11;37;-;-;1
2017-09-12 00:00:00;0.28;2017;9;12;37;-;-;1
2017-09-13 00:00:00;0.37;2017;9;13;38;2017 9 13;2017 9 19;2
2017-09-14 00:00:00;0.26;2017;9;14;38;-;-;2
2017-09-15 00:00:00;0.29;2017;9;15;38;-;-;2
2017-09-16 00:00:00;0.38;2017;9;16;38;-;-;2
2017-09-17 00:00:00;0.26;2017;9;17;38;-;-;2
2017-09-18 00:00:00;0.36;2017;9;18;38;-;-;2
2017-09-19 00:00:00;0.28;2017;9;19;38;-;-;2
2017-09-20 00:00:00;0.65;2017;9;20;39;2017 9 20;2017 9 26;3
2017-09-21 00:00:00;0.42;2017;9;21;39;-;-;3
2017-09-22 00:00:00;0.25;2017;9;22;39;-;-;3
2017-09-23 00:00:00;0.37;2017;9;23;39;-;-;3
2017-09-24 00:00:00;0.26;2017;9;24;39;-;-;3
2017-09-25 00:00:00;0.27;2017;9;25;39;-;-;3
2017-09-26 00:00:00;0.42;2017;9;26;39;-;-;3
2017-09-27 00:00:00;0.74;2017;9;27;40;2017 9 27;2017 10 2;4
2017-09-28 00:00:00;0.75;2017;9;28;40;-;-;4
2017-09-29 00:00:00;0.47;2017;9;29;40;-;-;4
2017-09-30 00:00:00;0.32;2017;9;30;40;-;-;4
2017-9-31 00:00:00;0.29;2017;9;31;40;-;-;4
2017-10-01 00:00:00;0.26;2017;10;1;40;-;-;4
2017-10-02 00:00:00;0.31;2017;10;2;40;-;-;4
2017-10-03 00:00:00;0.28;2017;10;3;41;2017 10 3;2017 10 9;1
2017-10-04 00:00:00;0.26;2017;10;4;41;-;-;1
2017-10-05 00:00:00;0.29;2017;10;5;41;-;-;1
2017-10-06 00:00:00;0.26;2017;10;6;41;-;-;1
2017-10-07 00:00:00;0.29;2017;10;7;41;-;-;1
2017-10-08 00:00:00;0.3;2017;10;8;41;-;-;1
2017-10-09 00:00:00;0.38;2017;10;9;41;-;-;1
2017-10-10 00:00:00;0.64;2017;10;10;42;2017 10 10;2017 10 16;2
2017-10-11 00:00:00;0.62;2017;10;11;42;-;-;2
2017-10-12 00:00:00;0.7;2017;10;12;42;-;-;2
2017-10-13 00:00:00;0.43;2017;10;13;42;-;-;2
2017-10-14 00:00:00;0.7;2017;10;14;42;-;-;2
2017-10-15 00:00:00;2.63;2017;10;15;42;-;-;2
2017-10-16 00:00:00;0.66;2017;10;16;42;-;-;2
2017-10-17 00:00:00;0.36;2017;10;17;43;2017 10 17;2017 10 23;3
2017-10-18 00:00:00;1.11;2017;10;18;43;-;-;3
2017-10-19 00:00:00;0.63;2017;10;19;43;-;-;3
2017-10-20 00:00:00;1.27;2017;10;20;43;-;-;3
2017-10-21 00:00:00;0.27;2017;10;21;43;-;-;3
2017-10-22 00:00:00;0.3;2017;10;22;43;-;-;3
2017-10-23 00:00:00;0.5;2017;10;23;43;-;-;3
2017-10-24 00:00:00;1.6;2017;10;24;44;2017 10 24;2017 10 30;4
2017-10-25 00:00:00;1.64;2017;10;25;44;-;-;4
2017-10-26 00:00:00;1.24;2017;10;26;44;-;-;4
2017-10-27 00:00:00;0.71;2017;10;27;44;-;-;4
2017-10-28 00:00:00;0.25;2017;10;28;44;-;-;4
2017-10-29 00:00:00;0.25;2017;10;29;44;-;-;4
2017-10-30 00:00:00;0.25;2017;10;30;44;-;-;4
2017-10-31 00:00:00;0.58;2017;10;31;45;2017 10 31;2017 11 6;1
2017-11-01 00:00:00;1.61;2017;11;1;45;-;-;1
2017-11-02 00:00:00;1.09;2017;11;2;45;-;-;1
2017-11-03 00:00:00;0.66;2017;11;3;45;-;-;1
2017-11-04 00:00:00;0.5;2017;11;4;45;-;-;1
2017-11-05 00:00:00;0.34;2017;11;5;45;-;-;1
2017-11-06 00:00:00;0.45;2017;11;6;45;-;-;1
2017-11-07 00:00:00;0.38;2017;11;7;46;2017 11 7;2017 11 13;2
2017-11-08 00:00:00;0.35;2017;11;8;46;-;-;2
2017-11-09 00:00:00;0.43;2017;11;9;46;-;-;2
2017-11-10 00:00:00;0.47;2017;11;10;46;-;-;2
2017-11-11 00:00:00;0.29;2017;11;11;46;-;-;2
2017-11-12 00:00:00;0.31;2017;11;12;46;-;-;2
2017-11-13 00:00:00;0.5;2017;11;13;46;-;-;2
2017-11-14 00:00:00;0.35;2017;11;14;47;2017 11 14;2017 11 20;3
2017-11-15 00:00:00;0.31;2017;11;15;47;-;-;3
2017-11-16 00:00:00;1.14;2017;11;16;47;-;-;3
2017-11-17 00:00:00;0.45;2017;11;17;47;-;-;3
2017-11-18 00:00:00;0.59;2017;11;18;47;-;-;3
2017-11-19 00:00:00;0.73;2017;11;19;47;-;-;3
2017-11-20 00:00:00;0.93;2017;11;20;47;-;-;3
2017-11-21 00:00:00;0.58;2017;11;21;48;2017 11 21;2017 11 27;4
2017-11-22 00:00:00;0.25;2017;11;22;48;-;-;4
2017-11-23 00:00:00;1.87;2017;11;23;48;-;-;4
2017-11-24 00:00:00;0.45;2017;11;24;48;-;-;4
2017-11-25 00:00:00;0.26;2017;11;25;48;-;-;4
2017-11-26 00:00:00;0.39;2017;11;26;48;-;-;4
2017-11-27 00:00:00;0.74;2017;11;27;48;-;-;4
2017-11-28 00:00:00;0.56;2017;11;28;49;2017 11 28;2017 12 3;1
2017-11-29 00:00:00;0.56;2017;11;29;49;-;-;1
2017-11-30 00:00:00;0.37;2017;11;30;49;-;-;1
2017-11-31 00:00:00;0.36;2017;11;31;49;-;-;1
2017-12-01 00:00:00;0.36;2017;12;1;49;-;-;1
2017-12-02 00:00:00;0.27;2017;12;2;49;-;-;1
2017-12-03 00:00:00;0.39;2017;12;3;49;-;-;1
2017-12-04 00:00:00;0.87;2017;12;4;50;2017 12 4;2017 12 10;2
2017-12-05 00:00:00;1.14;2017;12;5;50;-;-;2
2017-12-06 00:00:00;1.31;2017;12;6;50;-;-;2
2017-12-07 00:00:00;1.2;2017;12;7;50;-;-;2
2017-12-08 00:00:00;0.26;2017;12;8;50;-;-;2
2017-12-09 00:00:00;0.33;2017;12;9;50;-;-;2
2017-12-10 00:00:00;0.27;2017;12;10;50;-;-;2
2017-12-11 00:00:00;0.26;2017;12;11;51;2017 12 11;2017 12 17;3
2017-12-12 00:00:00;0.43;2017;12;12;51;-;-;3
2017-12-13 00:00:00;0.86;2017;12;13;51;-;-;3
2017-12-14 00:00:00;0.37;2017;12;14;51;-;-;3
2017-12-15 00:00:00;0.28;2017;12;15;51;-;-;3
2017-12-16 00:00:00;0.32;2017;12;16;51;-;-;3
2017-12-17 00:00:00;0.5;2017;12;17;51;-;-;3
2017-12-18 00:00:00;0.49;2017;12;18;52;2017 12 18;2017 12 24;4
2017-12-19 00:00:00;0.77;2017;12;19;52;-;-;4
2017-12-20 00:00:00;0.89;2017;12;20;52;-;-;4
2017-12-21 00:00:00;1.33;2017;12;21;52;-;-;4
2017-12-22 00:00:00;1.1;2017;12;22;52;-;-;4
2017-12-23 00:00:00;0.81;2017;12;23;52;-;-;4
2017-12-24 00:00:00;0.88;2017;12;24;52;-;-;4
2017-12-25 00:00:00;0.36;2017;12;25;53;2017 12 25;2017 12 31;1
2017-12-26 00:00:00;1.01;2017;12;26;53;-;-;1
2017-12-27 00:00:00;0.31;2017;12;27;53;-;-;1
2017-12-28 00:00:00;0.82;2017;12;28;53;-;-;1
2017-12-29 00:00:00;1.71;2017;12;29;53;-;-;1
2017-12-30 00:00:00;2.69;2017;12;30;53;-;-;1
2017-12-31 00:00:00;0.41;2017;12;31;53;-;-;1
2018-01-01 00:00:00;0.46;2018;1;1;54;2018 1 1;2018 1 7;2
2018-01-02 00:00:00;0.32;2018;1;2;54;-;-;2
2018-01-03 00:00:00;0.26;2018;1;3;54;-;-;2
2018-01-04 00:00:00;0.63;2018;1;4;54;-;-;2
2018-01-05 00:00:00;0.28;2018;1;5;54;-;-;2
2018-01-06 00:00:00;0.26;2018;1;6;54;-;-;2
2018-01-07 00:00:00;0.39;2018;1;7;54;-;-;2
2018-01-08 00:00:00;0.67;2018;1;8;55;2018 1 8;2018 1 14;3
2018-01-09 00:00:00;0.61;2018;1;9;55;-;-;3
2018-01-10 00:00:00;0.79;2018;1;10;55;-;-;3
2018-01-11 00:00:00;0.3;2018;1;11;55;-;-;3
2018-01-12 00:00:00;9.52;2018;1;12;55;-;-;3
2018-01-13 00:00:00;2.61;2018;1;13;55;-;-;3
2018-01-14 00:00:00;0.98;2018;1;14;55;-;-;3
2018-01-15 00:00:00;0.61;2018;1;15;56;2018 1 15;2018 1 21;4
2018-01-16 00:00:00;0.4;2018;1;16;56;-;-;4
2018-01-17 00:00:00;0.66;2018;1;17;56;-;-;4
2018-01-18 00:00:00;11.57;2018;1;18;56;-;-;4
2018-01-19 00:00:00;6.61;2018;1;19;56;-;-;4
2018-01-20 00:00:00;6.7;2018;1;20;56;-;-;4
2018-01-21 00:00:00;6.8;2018;1;21;56;-;-;4
2018-01-22 00:00:00;1.68;2018;1;22;57;2018 1 22;2018 1 28;1
2018-01-23 00:00:00;2.26;2018;1;23;57;-;-;1
2018-01-24 00:00:00;2.26;2018;1;24;57;-;-;1
2018-01-25 00:00:00;2.85;2018;1;25;57;-;-;1
2018-01-26 00:00:00;0.33;2018;1;26;57;-;-;1
2018-01-27 00:00:00;0.46;2018;1;27;57;-;-;1
2018-01-28 00:00:00;1.14;2018;1;28;57;-;-;1
2018-01-29 00:00:00;1.72;2018;1;29;58;2018 1 29;2018 2 4;2
2018-01-30 00:00:00;1.05;2018;1;30;58;-;-;2
2018-01-31 00:00:00;0.38;2018;1;31;58;-;-;2
2018-02-01 00:00:00;0.73;2018;2;1;58;-;-;2
2018-02-02 00:00:00;1.07;2018;2;2;58;-;-;2
2018-02-03 00:00:00;0.4;2018;2;3;58;-;-;2
2018-02-04 00:00:00;0.31;2018;2;4;58;-;-;2
2018-02-05 00:00:00;0.6;2018;2;5;59;2018 2 5;2018 2 11;3
2018-02-06 00:00:00;0.72;2018;2;6;59;-;-;3
2018-02-07 00:00:00;0.46;2018;2;7;59;-;-;3
2018-02-08 00:00:00;1.25;2018;2;8;59;-;-;3
2018-02-09 00:00:00;0.96;2018;2;9;59;-;-;3
2018-02-10 00:00:00;0.88;2018;2;10;59;-;-;3
2018-02-11 00:00:00;0.61;2018;2;11;59;-;-;3
2018-02-12 00:00:00;2.36;2018;2;12;60;2018 2 12;2018 2 18;4
2018-02-13 00:00:00;1.1;2018;2;13;60;-;-;4
2018-02-14 00:00:00;8.22;2018;2;14;60;-;-;4
2018-02-15 00:00:00;7.15;2018;2;15;60;-;-;4
2018-02-16 00:00:00;2.66;2018;2;16;60;-;-;4
2018-02-17 00:00:00;1.08;2018;2;17;60;-;-;4
2018-02-18 00:00:00;1.07;2018;2;18;60;-;-;4
2018-02-19 00:00:00;0.6;2018;2;19;61;2018 2 19;2018 2 25;1
2018-02-20 00:00:00;0.51;2018;2;20;61;-;-;1
2018-02-21 00:00:00;0.61;2018;2;21;61;-;-;1
2018-02-22 00:00:00;0.93;2018;2;22;61;-;-;1
2018-02-23 00:00:00;1.87;2018;2;23;61;-;-;1
2018-02-24 00:00:00;1.21;2018;2;24;61;-;-;1
2018-02-25 00:00:00;1.25;2018;2;25;61;-;-;1
2018-03-02 00:00:00;0.21;2018;3;2;63;2018 3 2;2018 3 8;3
2018-03-03 00:00:00;0.36;2018;3;3;63;-;-;3
2018-03-04 00:00:00;0.36;2018;3;4;63;-;-;3
2018-03-05 00:00:00;0.51;2018;3;5;63;-;-;3
2018-03-06 00:00:00;0.51;2018;3;6;63;-;-;3
2018-03-07 00:00:00;1.08;2018;3;7;63;-;-;3
2018-03-08 00:00:00;2.51;2018;3;8;63;-;-;3
2018-03-09 00:00:00;1.18;2018;3;9;64;2018 3 9;2018 3 15;4
2018-03-10 00:00:00;1.08;2018;3;10;64;-;-;4
2018-03-11 00:00:00;0.24;2018;3;11;64;-;-;4
2018-03-12 00:00:00;0.25;2018;3;12;64;-;-;4
2018-03-13 00:00:00;1.52;2018;3;13;64;-;-;4
2018-03-14 00:00:00;1.45;2018;3;14;64;-;-;4
2018-03-15 00:00:00;1.08;2018;3;15;64;-;-;4
2018-03-16 00:00:00;0.87;2018;3;16;65;2018 3 16;2018 3 22;1
2018-03-17 00:00:00;0.32;2018;3;17;65;-;-;1
2018-03-18 00:00:00;0.26;2018;3;18;65;-;-;1
2018-03-19 00:00:00;0.37;2018;3;19;65;-;-;1
2018-03-20 00:00:00;0.53;2018;3;20;65;-;-;1
2018-03-21 00:00:00;0.72;2018;3;21;65;-;-;1
2018-03-22 00:00:00;1.13;2018;3;22;65;-;-;1
2018-03-23 00:00:00;1.0;2018;3;23;66;2018 3 23;2018 3 29;2
2018-03-24 00:00:00;0.22;2018;3;24;66;-;-;2
2018-03-25 00:00:00;0.4;2018;3;25;66;-;-;2
2018-03-26 00:00:00;0.98;2018;3;26;66;-;-;2
2018-03-27 00:00:00;0.49;2018;3;27;66;-;-;2
2018-03-28 00:00:00;0.46;2018;3;28;66;-;-;2
2018-03-29 00:00:00;0.23;2018;3;29;66;-;-;2
2018-03-30 00:00:00;0.21;2018;3;30;67;2018 3 30;2018 4 5;3
2018-03-31 00:00:00;0.28;2018;3;31;67;-;-;3
2018-04-01 00:00:00;1.04;2018;4;1;67;-;-;3
2018-04-02 00:00:00;1.66;2018;4;2;67;-;-;3
2018-04-03 00:00:00;0.5;2018;4;3;67;-;-;3
2018-04-04 00:00:00;0.9;2018;4;4;67;-;-;3
2018-04-05 00:00:00;1.05;2018;4;5;67;-;-;3
2018-04-06 00:00:00;1.61;2018;4;6;68;2018 4 6;2018 4 12;4
2018-04-07 00:00:00;0.31;2018;4;7;68;-;-;4
2018-04-08 00:00:00;0.34;2018;4;8;68;-;-;4
2018-04-09 00:00:00;0.69;2018;4;9;68;-;-;4
2018-04-10 00:00:00;1.03;2018;4;10;68;-;-;4
2018-04-11 00:00:00;1.2;2018;4;11;68;-;-;4
2018-04-12 00:00:00;2.9;2018;4;12;68;-;-;4
2018-04-13 00:00:00;1.46;2018;4;13;69;2018 4 13;2018 4 19;1
2018-04-14 00:00:00;1.12;2018;4;14;69;-;-;1
2018-04-15 00:00:00;1.05;2018;4;15;69;-;-;1
2018-04-16 00:00:00;1.39;2018;4;16;69;-;-;1
2018-04-17 00:00:00;2.02;2018;4;17;69;-;-;1
2018-04-18 00:00:00;2.94;2018;4;18;69;-;-;1
2018-04-19 00:00:00;1.76;2018;4;19;69;-;-;1
2018-04-20 00:00:00;1.12;2018;4;20;70;2018 4 20;2018 4 26;2
2018-04-21 00:00:00;2.31;2018;4;21;70;-;-;2
2018-04-22 00:00:00;1.42;2018;4;22;70;-;-;2
2018-04-23 00:00:00;0.91;2018;4;23;70;-;-;2
2018-04-24 00:00:00;0.9;2018;4;24;70;-;-;2
2018-04-25 00:00:00;1.09;2018;4;25;70;-;-;2
2018-04-26 00:00:00;0.94;2018;4;26;70;-;-;2
2018-04-27 00:00:00;1.0;2018;4;27;71;2018 4 27;2018 5 2;3
2018-04-28 00:00:00;0.89;2018;4;28;71;-;-;3
2018-04-29 00:00:00;0.87;2018;4;29;71;-;-;3
2018-04-30 00:00:00;1.15;2018;4;30;71;-;-;3
2018-4-31 00:00:00;1.0;2018;4;31;71;-;-;3
2018-05-01 00:00:00;0.86;2018;5;1;71;-;-;3
2018-05-02 00:00:00;1.05;2018;5;2;71;-;-;3
2018-05-03 00:00:00;1.0;2018;5;3;72;2018 5 3;2018 5 9;4
2018-05-04 00:00:00;0.97;2018;5;4;72;-;-;4
2018-05-05 00:00:00;0.97;2018;5;5;72;-;-;4
2018-05-06 00:00:00;1.03;2018;5;6;72;-;-;4
2018-05-07 00:00:00;1.67;2018;5;7;72;-;-;4
2018-05-08 00:00:00;0.91;2018;5;8;72;-;-;4
2018-05-09 00:00:00;1.51;2018;5;9;72;-;-;4
2018-05-10 00:00:00;0.91;2018;5;10;73;2018 5 10;2018 5 16;1
2018-05-11 00:00:00;1.35;2018;5;11;73;-;-;1
2018-05-12 00:00:00;1.05;2018;5;12;73;-;-;1
2018-05-13 00:00:00;0.92;2018;5;13;73;-;-;1
2018-05-14 00:00:00;0.94;2018;5;14;73;-;-;1
2018-05-15 00:00:00;1.11;2018;5;15;73;-;-;1
2018-05-16 00:00:00;1.07;2018;5;16;73;-;-;1
2018-05-17 00:00:00;0.91;2018;5;17;74;2018 5 17;2018 5 23;2
2018-05-18 00:00:00;0.99;2018;5;18;74;-;-;2
2018-05-19 00:00:00;0.87;2018;5;19;74;-;-;2
2018-05-20 00:00:00;0.88;2018;5;20;74;-;-;2
2018-05-21 00:00:00;1.01;2018;5;21;74;-;-;2
2018-05-22 00:00:00;1.24;2018;5;22;74;-;-;2
2018-05-23 00:00:00;1.6;2018;5;23;74;-;-;2
2018-05-24 00:00:00;1.31;2018;5;24;75;2018 5 24;2018 5 30;3
2018-05-25 00:00:00;1.45;2018;5;25;75;-;-;3
2018-05-26 00:00:00;0.88;2018;5;26;75;-;-;3
2018-05-27 00:00:00;0.91;2018;5;27;75;-;-;3
2018-05-28 00:00:00;0.94;2018;5;28;75;-;-;3
2018-05-29 00:00:00;1.03;2018;5;29;75;-;-;3
2018-05-30 00:00:00;1.38;2018;5;30;75;-;-;3
2018-05-31 00:00:00;0.9;2018;5;31;76;2018 5 31;2018 6 6;4
2018-06-01 00:00:00;0.97;2018;6;1;76;-;-;4
2018-06-02 00:00:00;0.98;2018;6;2;76;-;-;4
2018-06-03 00:00:00;0.88;2018;6;3;76;-;-;4
2018-06-04 00:00:00;1.32;2018;6;4;76;-;-;4
2018-06-05 00:00:00;1.01;2018;6;5;76;-;-;4
2018-06-06 00:00:00;1.05;2018;6;6;76;-;-;4
2018-06-07 00:00:00;0.95;2018;6;7;77;2018 6 7;2018 6 13;1
2018-06-08 00:00:00;0.96;2018;6;8;77;-;-;1
2018-06-09 00:00:00;0.9;2018;6;9;77;-;-;1
2018-06-10 00:00:00;1.01;2018;6;10;77;-;-;1
2018-06-11 00:00:00;1.17;2018;6;11;77;-;-;1
2018-06-12 00:00:00;0.88;2018;6;12;77;-;-;1
2018-06-13 00:00:00;0.99;2018;6;13;77;-;-;1
2018-06-14 00:00:00;0.99;2018;6;14;78;2018 6 14;2018 6 20;2
2018-06-15 00:00:00;1.11;2018;6;15;78;-;-;2
2018-06-16 00:00:00;0.86;2018;6;16;78;-;-;2
2018-06-17 00:00:00;0.87;2018;6;17;78;-;-;2
2018-06-18 00:00:00;0.94;2018;6;18;78;-;-;2
2018-06-19 00:00:00;0.87;2018;6;19;78;-;-;2
2018-06-20 00:00:00;0.95;2018;6;20;78;-;-;2
2018-06-21 00:00:00;0.97;2018;6;21;79;2018 6 21;2018 6 27;3
2018-06-22 00:00:00;0.88;2018;6;22;79;-;-;3
2018-06-23 00:00:00;0.87;2018;6;23;79;-;-;3
2018-06-24 00:00:00;0.96;2018;6;24;79;-;-;3
2018-06-25 00:00:00;1.13;2018;6;25;79;-;-;3
2018-06-26 00:00:00;0.89;2018;6;26;79;-;-;3
2018-06-27 00:00:00;0.86;2018;6;27;79;-;-;3
2018-06-28 00:00:00;0.94;2018;6;28;80;2018 6 28;2018 7 3;4
2018-06-29 00:00:00;0.92;2018;6;29;80;-;-;4
2018-06-30 00:00:00;0.99;2018;6;30;80;-;-;4
2018-6-31 00:00:00;0.96;2018;6;31;80;-;-;4
2018-07-01 00:00:00;0.92;2018;7;1;80;-;-;4
2018-07-02 00:00:00;1.17;2018;7;2;80;-;-;4
2018-07-03 00:00:00;0.93;2018;7;3;80;-;-;4
2018-07-04 00:00:00;1.12;2018;7;4;81;2018 7 4;2018 7 10;1
2018-07-05 00:00:00;1.37;2018;7;5;81;-;-;1
2018-07-06 00:00:00;0.89;2018;7;6;81;-;-;1
2018-07-07 00:00:00;0.87;2018;7;7;81;-;-;1
2018-07-08 00:00:00;0.86;2018;7;8;81;-;-;1
2018-07-09 00:00:00;0.89;2018;7;9;81;-;-;1
2018-07-10 00:00:00;0.95;2018;7;10;81;-;-;1
2018-07-11 00:00:00;1.06;2018;7;11;82;2018 7 11;2018 7 17;2
2018-07-12 00:00:00;0.95;2018;7;12;82;-;-;2
2018-07-13 00:00:00;0.88;2018;7;13;82;-;-;2
2018-07-14 00:00:00;0.85;2018;7;14;82;-;-;2
2018-07-15 00:00:00;0.87;2018;7;15;82;-;-;2
2018-07-16 00:00:00;0.85;2018;7;16;82;-;-;2
2018-07-17 00:00:00;0.99;2018;7;17;82;-;-;2
2018-07-18 00:00:00;0.99;2018;7;18;83;2018 7 18;2018 7 24;3
2018-07-19 00:00:00;0.9;2018;7;19;83;-;-;3
2018-07-20 00:00:00;0.9;2018;7;20;83;-;-;3
2018-07-21 00:00:00;0.9;2018;7;21;83;-;-;3
2018-07-22 00:00:00;0.85;2018;7;22;83;-;-;3
2018-07-23 00:00:00;0.87;2018;7;23;83;-;-;3
2018-07-24 00:00:00;0.97;2018;7;24;83;-;-;3
2018-07-25 00:00:00;1.4;2018;7;25;84;2018 7 25;2018 7 31;4
2018-07-26 00:00:00;1.41;2018;7;26;84;-;-;4
2018-07-27 00:00:00;1.4;2018;7;27;84;-;-;4
2018-07-28 00:00:00;1.84;2018;7;28;84;-;-;4
2018-07-29 00:00:00;1.07;2018;7;29;84;-;-;4
2018-07-30 00:00:00;1.94;2018;7;30;84;-;-;4
2018-07-31 00:00:00;1.11;2018;7;31;84;-;-;4
2018-08-01 00:00:00;1.3;2018;8;1;85;2018 8 1;2018 8 7;1
2018-08-02 00:00:00;2.63;2018;8;2;85;-;-;1
2018-08-03 00:00:00;5.32;2018;8;3;85;-;-;1
2018-08-04 00:00:00;1.01;2018;8;4;85;-;-;1
2018-08-05 00:00:00;0.9;2018;8;5;85;-;-;1
2018-08-06 00:00:00;2.9;2018;8;6;85;-;-;1
2018-08-07 00:00:00;0.56;2018;8;7;85;-;-;1
2018-08-08 00:00:00;1.24;2018;8;8;86;2018 8 8;2018 8 14;2
2018-08-09 00:00:00;1.27;2018;8;9;86;-;-;2
2018-08-10 00:00:00;2.07;2018;8;10;86;-;-;2
2018-08-11 00:00:00;0.5;2018;8;11;86;-;-;2
2018-08-12 00:00:00;0.49;2018;8;12;86;-;-;2
2018-08-13 00:00:00;0.18;2018;8;13;86;-;-;2
2018-08-14 00:00:00;0.25;2018;8;14;86;-;-;2
2018-08-15 00:00:00;0.14;2018;8;15;87;2018 8 15;2018 8 21;3
2018-08-16 00:00:00;0.3;2018;8;16;87;-;-;3
2018-08-17 00:00:00;0.2;2018;8;17;87;-;-;3
2018-08-18 00:00:00;0.3;2018;8;18;87;-;-;3
2018-08-19 00:00:00;0.28;2018;8;19;87;-;-;3
2018-08-20 00:00:00;0.53;2018;8;20;87;-;-;3
2018-08-21 00:00:00;0.41;2018;8;21;87;-;-;3
2018-08-22 00:00:00;0.46;2018;8;22;88;2018 8 22;2018 8 28;4
2018-08-23 00:00:00;0.33;2018;8;23;88;-;-;4
2018-08-24 00:00:00;0.34;2018;8;24;88;-;-;4
2018-08-25 00:00:00;0.13;2018;8;25;88;-;-;4
2018-08-26 00:00:00;0.25;2018;8;26;88;-;-;4
2018-08-27 00:00:00;1.01;2018;8;27;88;-;-;4
2018-08-28 00:00:00;0.44;2018;8;28;88;-;-;4
2018-08-29 00:00:00;0.32;2018;8;29;89;2018 8 29;2018 9 4;1
2018-08-30 00:00:00;0.52;2018;8;30;89;-;-;1
2018-08-31 00:00:00;0.66;2018;8;31;89;-;-;1
2018-09-01 00:00:00;0.44;2018;9;1;89;-;-;1
2018-09-02 00:00:00;0.36;2018;9;2;89;-;-;1
2018-09-03 00:00:00;0.55;2018;9;3;89;-;-;1
2018-09-04 00:00:00;2.06;2018;9;4;89;-;-;1
2018-09-05 00:00:00;0.68;2018;9;5;90;2018 9 5;2018 9 11;2
2018-09-06 00:00:00;1.09;2018;9;6;90;-;-;2
2018-09-07 00:00:00;0.74;2018;9;7;90;-;-;2
2018-09-08 00:00:00;0.8;2018;9;8;90;-;-;2
2018-09-09 00:00:00;0.21;2018;9;9;90;-;-;2
2018-09-10 00:00:00;0.69;2018;9;10;90;-;-;2
2018-09-11 00:00:00;1.44;2018;9;11;90;-;-;2
2018-09-12 00:00:00;1.04;2018;9;12;91;2018 9 12;2018 9 18;3
2018-09-13 00:00:00;1.35;2018;9;13;91;-;-;3
2018-09-14 00:00:00;0.58;2018;9;14;91;-;-;3
2018-09-15 00:00:00;0.5;2018;9;15;91;-;-;3
2018-09-16 00:00:00;0.37;2018;9;16;91;-;-;3
2018-09-17 00:00:00;1.26;2018;9;17;91;-;-;3
2018-09-18 00:00:00;1.23;2018;9;18;91;-;-;3
2018-09-19 00:00:00;0.86;2018;9;19;92;2018 9 19;2018 9 25;4
2018-09-20 00:00:00;1.08;2018;9;20;92;-;-;4
2018-09-21 00:00:00;0.85;2018;9;21;92;-;-;4
2018-09-22 00:00:00;0.47;2018;9;22;92;-;-;4
2018-09-23 00:00:00;0.22;2018;9;23;92;-;-;4
2018-09-24 00:00:00;0.23;2018;9;24;92;-;-;4
2018-09-25 00:00:00;0.52;2018;9;25;92;-;-;4
2018-09-26 00:00:00;1.8;2018;9;26;93;2018 9 26;2018 10 1;1
2018-09-27 00:00:00;1.15;2018;9;27;93;-;-;1
2018-09-28 00:00:00;0.54;2018;9;28;93;-;-;1
2018-09-29 00:00:00;0.34;2018;9;29;93;-;-;1
2018-09-30 00:00:00;0.23;2018;9;30;93;-;-;1
2018-9-31 00:00:00;0.25;2018;9;31;93;-;-;1
2018-10-01 00:00:00;0.27;2018;10;1;93;-;-;1
2018-10-02 00:00:00;1.54;2018;10;2;94;2018 10 2;2018 10 8;2
2018-10-03 00:00:00;2.13;2018;10;3;94;-;-;2
2018-10-04 00:00:00;3.51;2018;10;4;94;-;-;2
2018-10-05 00:00:00;2.38;2018;10;5;94;-;-;2
2018-10-06 00:00:00;0.91;2018;10;6;94;-;-;2
2018-10-07 00:00:00;0.69;2018;10;7;94;-;-;2
2018-10-08 00:00:00;1.23;2018;10;8;94;-;-;2
2018-10-09 00:00:00;2.48;2018;10;9;95;2018 10 9;2018 10 15;3
2018-10-10 00:00:00;5.68;2018;10;10;95;-;-;3
2018-10-11 00:00:00;4.81;2018;10;11;95;-;-;3
2018-10-12 00:00:00;1.42;2018;10;12;95;-;-;3
2018-10-13 00:00:00;2.01;2018;10;13;95;-;-;3
2018-10-14 00:00:00;0.82;2018;10;14;95;-;-;3
2018-10-15 00:00:00;2.12;2018;10;15;95;-;-;3
2018-10-16 00:00:00;2.91;2018;10;16;96;2018 10 16;2018 10 22;4
2018-10-17 00:00:00;2.67;2018;10;17;96;-;-;4
2018-10-18 00:00:00;1.83;2018;10;18;96;-;-;4
2018-10-19 00:00:00;2.39;2018;10;19;96;-;-;4
2018-10-20 00:00:00;1.45;2018;10;20;96;-;-;4
2018-10-21 00:00:00;0.82;2018;10;21;96;-;-;4
2018-10-22 00:00:00;0.63;2018;10;22;96;-;-;4
2018-10-23 00:00:00;1.93;2018;10;23;97;2018 10 23;2018 10 29;1
2018-10-24 00:00:00;3.1;2018;10;24;97;-;-;1
2018-10-25 00:00:00;3.73;2018;10;25;97;-;-;1
2018-10-26 00:00:00;2.86;2018;10;26;97;-;-;1
2018-10-27 00:00:00;0.59;2018;10;27;97;-;-;1
2018-10-28 00:00:00;0.68;2018;10;28;97;-;-;1
2018-10-29 00:00:00;1.5;2018;10;29;97;-;-;1
2018-10-30 00:00:00;3.41;2018;10;30;98;2018 10 30;2018 11 5;2
2018-10-31 00:00:00;1.89;2018;10;31;98;-;-;2
2018-11-01 00:00:00;1.41;2018;11;1;98;-;-;2
2018-11-02 00:00:00;1.43;2018;11;2;98;-;-;2
2018-11-03 00:00:00;1.13;2018;11;3;98;-;-;2
2018-11-04 00:00:00;1.07;2018;11;4;98;-;-;2
2018-11-05 00:00:00;0.99;2018;11;5;98;-;-;2
2018-11-06 00:00:00;1.59;2018;11;6;99;2018 11 6;2018 11 12;3
2018-11-07 00:00:00;1.73;2018;11;7;99;-;-;3
2018-11-08 00:00:00;3.47;2018;11;8;99;-;-;3
2018-11-09 00:00:00;1.52;2018;11;9;99;-;-;3
2018-11-10 00:00:00;3.22;2018;11;10;99;-;-;3
2018-11-11 00:00:00;3.61;2018;11;11;99;-;-;3
2018-11-12 00:00:00;3.06;2018;11;12;99;-;-;3
2018-11-13 00:00:00;4.68;2018;11;13;100;2018 11 13;2018 11 19;4
2018-11-14 00:00:00;8.2;2018;11;14;100;-;-;4
2018-11-15 00:00:00;10.66;2018;11;15;100;-;-;4
2018-11-16 00:00:00;9.44;2018;11;16;100;-;-;4
2018-11-17 00:00:00;8.19;2018;11;17;100;-;-;4
2018-11-18 00:00:00;3.43;2018;11;18;100;-;-;4
2018-11-19 00:00:00;2.25;2018;11;19;100;-;-;4
2018-11-20 00:00:00;0.95;2018;11;20;101;2018 11 20;2018 11 26;1
2018-11-21 00:00:00;4.66;2018;11;21;101;-;-;1
2018-11-22 00:00:00;3.78;2018;11;22;101;-;-;1
2018-11-23 00:00:00;4.97;2018;11;23;101;-;-;1
2018-11-24 00:00:00;2.71;2018;11;24;101;-;-;1
2018-11-25 00:00:00;1.31;2018;11;25;101;-;-;1
2018-11-26 00:00:00;4.32;2018;11;26;101;-;-;1
2018-11-27 00:00:00;6.43;2018;11;27;102;2018 11 27;2018 12 2;2
2018-11-28 00:00:00;11.9;2018;11;28;102;-;-;2
2018-11-29 00:00:00;7.83;2018;11;29;102;-;-;2
2018-11-30 00:00:00;8.16;2018;11;30;102;-;-;2
2018-11-31 00:00:00;7.82;2018;11;31;102;-;-;2
2018-12-01 00:00:00;7.49;2018;12;1;102;-;-;2
2018-12-02 00:00:00;9.39;2018;12;2;102;-;-;2
2018-12-03 00:00:00;10.82;2018;12;3;103;2018 12 3;2018 12 9;3
2018-12-04 00:00:00;5.28;2018;12;4;103;-;-;3
2018-12-05 00:00:00;7.46;2018;12;5;103;-;-;3
2018-12-06 00:00:00;6.69;2018;12;6;103;-;-;3
2018-12-07 00:00:00;5.42;2018;12;7;103;-;-;3
2018-12-08 00:00:00;5.42;2018;12;8;103;-;-;3
2018-12-09 00:00:00;2.76;2018;12;9;103;-;-;3
2018-12-10 00:00:00;6.43;2018;12;10;104;2018 12 10;2018 12 16;4
2018-12-11 00:00:00;9.8;2018;12;11;104;-;-;4
2018-12-12 00:00:00;4.84;2018;12;12;104;-;-;4
2018-12-13 00:00:00;1.56;2018;12;13;104;-;-;4
2018-12-14 00:00:00;2.99;2018;12;14;104;-;-;4
2018-12-15 00:00:00;4.37;2018;12;15;104;-;-;4
2018-12-16 00:00:00;1.49;2018;12;16;104;-;-;4
2018-12-17 00:00:00;7.64;2018;12;17;105;2018 12 17;2018 12 23;1
2018-12-18 00:00:00;4.37;2018;12;18;105;-;-;1
2018-12-19 00:00:00;4.31;2018;12;19;105;-;-;1
2018-12-20 00:00:00;9.77;2018;12;20;105;-;-;1
2018-12-21 00:00:00;19.77;2018;12;21;105;-;-;1
2018-12-22 00:00:00;10.6;2018;12;22;105;-;-;1
2018-12-23 00:00:00;6.62;2018;12;23;105;-;-;1
2018-12-24 00:00:00;10.89;2018;12;24;106;2018 12 24;2018 12 30;2
2018-12-25 00:00:00;6.86;2018;12;25;106;-;-;2
2018-12-26 00:00:00;11.11;2018;12;26;106;-;-;2
2018-12-27 00:00:00;9.13;2018;12;27;106;-;-;2
2018-12-28 00:00:00;8.31;2018;12;28;106;-;-;2
2018-12-29 00:00:00;5.04;2018;12;29;106;-;-;2
2018-12-30 00:00:00;3.42;2018;12;30;106;-;-;2
2018-12-31 00:00:00;4.28;2018;12;31;107;2018 12 31;2019 1 6;3
2019-01-01 00:00:00;1.92;2019;1;1;107;-;-;3
2019-01-02 00:00:00;0.93;2019;1;2;107;-;-;3
2019-01-03 00:00:00;4.97;2019;1;3;107;-;-;3
2019-01-04 00:00:00;5.35;2019;1;4;107;-;-;3
2019-01-05 00:00:00;5.22;2019;1;5;107;-;-;3
2019-01-06 00:00:00;4.52;2019;1;6;107;-;-;3
2019-01-07 00:00:00;4.04;2019;1;7;108;2019 1 7;2019 1 13;4
2019-01-08 00:00:00;5.47;2019;1;8;108;-;-;4
2019-01-09 00:00:00;4.16;2019;1;9;108;-;-;4
2019-01-10 00:00:00;3.82;2019;1;10;108;-;-;4
2019-01-11 00:00:00;4.78;2019;1;11;108;-;-;4
2019-01-12 00:00:00;4.29;2019;1;12;108;-;-;4
2019-01-13 00:00:00;3.13;2019;1;13;108;-;-;4
2019-01-14 00:00:00;3.47;2019;1;14;109;2019 1 14;2019 1 20;1
2019-01-15 00:00:00;6.1;2019;1;15;109;-;-;1
2019-01-16 00:00:00;3.63;2019;1;16;109;-;-;1
2019-01-17 00:00:00;2.32;2019;1;17;109;-;-;1
2019-01-18 00:00:00;3.61;2019;1;18;109;-;-;1
2019-01-19 00:00:00;2.66;2019;1;19;109;-;-;1
2019-01-20 00:00:00;0.95;2019;1;20;109;-;-;1
2019-01-21 00:00:00;2.17;2019;1;21;110;2019 1 21;2019 1 27;2
2019-01-22 00:00:00;1.58;2019;1;22;110;-;-;2
2019-01-23 00:00:00;0.7;2019;1;23;110;-;-;2
2019-01-24 00:00:00;0.88;2019;1;24;110;-;-;2
2019-01-25 00:00:00;4.14;2019;1;25;110;-;-;2
2019-01-26 00:00:00;3.69;2019;1;26;110;-;-;2
2019-01-27 00:00:00;0.55;2019;1;27;110;-;-;2
2019-01-28 00:00:00;1.2;2019;1;28;111;2019 1 28;2019 2 3;3
2019-01-29 00:00:00;1.64;2019;1;29;111;-;-;3
2019-01-30 00:00:00;3.78;2019;1;30;111;-;-;3
2019-01-31 00:00:00;3.25;2019;1;31;111;-;-;3
2019-02-01 00:00:00;1.06;2019;2;1;111;-;-;3
2019-02-02 00:00:00;0.72;2019;2;2;111;-;-;3
2019-02-03 00:00:00;1.59;2019;2;3;111;-;-;3
2019-02-04 00:00:00;7.39;2019;2;4;112;2019 2 4;2019 2 10;4
2019-02-05 00:00:00;6.34;2019;2;5;112;-;-;4
2019-02-06 00:00:00;4.5;2019;2;6;112;-;-;4
2019-02-07 00:00:00;2.85;2019;2;7;112;-;-;4
2019-02-08 00:00:00;7.97;2019;2;8;112;-;-;4
2019-02-09 00:00:00;5.73;2019;2;9;112;-;-;4
2019-02-10 00:00:00;1.41;2019;2;10;112;-;-;4
2019-02-11 00:00:00;2.27;2019;2;11;113;2019 2 11;2019 2 17;1
2019-02-12 00:00:00;4.12;2019;2;12;113;-;-;1
2019-02-13 00:00:00;6.6;2019;2;13;113;-;-;1
2019-02-14 00:00:00;13.13;2019;2;14;113;-;-;1
2019-02-15 00:00:00;11.45;2019;2;15;113;-;-;1
2019-02-16 00:00:00;7.8;2019;2;16;113;-;-;1
2019-02-17 00:00:00;3.9;2019;2;17;113;-;-;1
2019-02-18 00:00:00;1.37;2019;2;18;114;2019 2 18;2019 2 24;2
2019-02-19 00:00:00;2.4;2019;2;19;114;-;-;2
2019-02-20 00:00:00;4.37;2019;2;20;114;-;-;2
2019-02-21 00:00:00;4.05;2019;2;21;114;-;-;2
2019-02-22 00:00:00;5.83;2019;2;22;114;-;-;2
2019-02-23 00:00:00;4.18;2019;2;23;114;-;-;2
2019-02-24 00:00:00;1.43;2019;2;24;114;-;-;2
2019-03-01 00:00:00;0.34;2019;3;1;116;2019 3 1;2019 3 7;4
2019-03-02 00:00:00;0.24;2019;3;2;116;-;-;4
2019-03-03 00:00:00;0.12;2019;3;3;116;-;-;4
2019-03-04 00:00:00;0.12;2019;3;4;116;-;-;4
2019-03-05 00:00:00;0.76;2019;3;5;116;-;-;4
2019-03-06 00:00:00;0.7;2019;3;6;116;-;-;4
2019-03-07 00:00:00;0.76;2019;3;7;116;-;-;4
2019-03-08 00:00:00;1.4;2019;3;8;117;2019 3 8;2019 3 14;1
2019-03-09 00:00:00;1.4;2019;3;9;117;-;-;1
2019-03-10 00:00:00;0.12;2019;3;10;117;-;-;1
2019-03-11 00:00:00;0.98;2019;3;11;117;-;-;1
2019-03-12 00:00:00;1.83;2019;3;12;117;-;-;1
2019-03-13 00:00:00;0.34;2019;3;13;117;-;-;1
2019-03-14 00:00:00;0.35;2019;3;14;117;-;-;1
2019-03-15 00:00:00;1.45;2019;3;15;118;2019 3 15;2019 3 21;2
2019-03-16 00:00:00;1.83;2019;3;16;118;-;-;2
2019-03-17 00:00:00;0.22;2019;3;17;118;-;-;2
2019-03-18 00:00:00;0.38;2019;3;18;118;-;-;2
2019-03-19 00:00:00;0.95;2019;3;19;118;-;-;2
2019-03-20 00:00:00;1.12;2019;3;20;118;-;-;2
2019-03-21 00:00:00;0.91;2019;3;21;118;-;-;2
2019-03-22 00:00:00;2.29;2019;3;22;119;2019 3 22;2019 3 28;3
2019-03-23 00:00:00;1.47;2019;3;23;119;-;-;3
2019-03-24 00:00:00;0.89;2019;3;24;119;-;-;3
2019-03-25 00:00:00;0.22;2019;3;25;119;-;-;3
2019-03-26 00:00:00;1.08;2019;3;26;119;-;-;3
2019-03-27 00:00:00;0.78;2019;3;27;119;-;-;3
2019-03-28 00:00:00;0.91;2019;3;28;119;-;-;3
2019-03-29 00:00:00;1.37;2019;3;29;120;2019 3 29;2019 4 4;4
2019-03-30 00:00:00;1.76;2019;3;30;120;-;-;4
2019-03-31 00:00:00;0.72;2019;3;31;120;-;-;4
2019-04-01 00:00:00;1.71;2019;4;1;120;-;-;4
2019-04-02 00:00:00;1.11;2019;4;2;120;-;-;4
2019-04-03 00:00:00;0.16;2019;4;3;120;-;-;4
2019-04-04 00:00:00;1.02;2019;4;4;120;-;-;4
2019-04-05 00:00:00;0.7;2019;4;5;121;2019 4 5;2019 4 11;1
2019-04-06 00:00:00;0.7;2019;4;6;121;-;-;1
2019-04-07 00:00:00;0.25;2019;4;7;121;-;-;1
2019-04-08 00:00:00;0.62;2019;4;8;121;-;-;1
2019-04-09 00:00:00;1.89;2019;4;9;121;-;-;1
2019-04-10 00:00:00;0.26;2019;4;10;121;-;-;1
2019-04-11 00:00:00;0.79;2019;4;11;121;-;-;1
2019-04-12 00:00:00;1.32;2019;4;12;122;2019 4 12;2019 4 18;2
2019-04-13 00:00:00;2.18;2019;4;13;122;-;-;2
2019-04-14 00:00:00;2.39;2019;4;14;122;-;-;2
2019-04-15 00:00:00;2.14;2019;4;15;122;-;-;2
2019-04-16 00:00:00;2.14;2019;4;16;122;-;-;2
2019-04-17 00:00:00;1.89;2019;4;17;122;-;-;2
2019-04-18 00:00:00;0.45;2019;4;18;122;-;-;2
2019-04-19 00:00:00;1.0;2019;4;19;123;2019 4 19;2019 4 25;3
2019-04-20 00:00:00;1.53;2019;4;20;123;-;-;3
2019-04-21 00:00:00;0.71;2019;4;21;123;-;-;3
2019-04-22 00:00:00;0.58;2019;4;22;123;-;-;3
2019-04-23 00:00:00;0.24;2019;4;23;123;-;-;3
2019-04-24 00:00:00;0.85;2019;4;24;123;-;-;3
2019-04-25 00:00:00;0.6;2019;4;25;123;-;-;3
2019-04-26 00:00:00;0.3;2019;4;26;124;2019 4 26;2019 5 1;4
2019-04-27 00:00:00;0.9;2019;4;27;124;-;-;4
2019-04-28 00:00:00;0.17;2019;4;28;124;-;-;4
2019-04-29 00:00:00;0.92;2019;4;29;124;-;-;4
2019-04-30 00:00:00;0.99;2019;4;30;124;-;-;4
2019-4-31 00:00:00;0.92;2019;4;31;124;-;-;4
2019-05-01 00:00:00;0.85;2019;5;1;124;-;-;4
2019-05-02 00:00:00;0.97;2019;5;2;125;2019 5 2;2019 5 8;1
2019-05-03 00:00:00;0.53;2019;5;3;125;-;-;1
2019-05-04 00:00:00;0.69;2019;5;4;125;-;-;1
2019-05-05 00:00:00;0.08;2019;5;5;125;-;-;1
2019-05-06 00:00:00;0.62;2019;5;6;125;-;-;1
2019-05-07 00:00:00;2.2;2019;5;7;125;-;-;1
2019-05-08 00:00:00;0.51;2019;5;8;125;-;-;1
2019-05-09 00:00:00;1.52;2019;5;9;126;2019 5 9;2019 5 15;2
2019-05-10 00:00:00;2.16;2019;5;10;126;-;-;2
2019-05-11 00:00:00;0.26;2019;5;11;126;-;-;2
2019-05-12 00:00:00;0.21;2019;5;12;126;-;-;2
2019-05-13 00:00:00;0.47;2019;5;13;126;-;-;2
2019-05-14 00:00:00;1.39;2019;5;14;126;-;-;2
2019-05-15 00:00:00;2.0;2019;5;15;126;-;-;2
2019-05-16 00:00:00;0.47;2019;5;16;127;2019 5 16;2019 5 22;3
2019-05-17 00:00:00;0.62;2019;5;17;127;-;-;3
2019-05-18 00:00:00;0.56;2019;5;18;127;-;-;3
2019-05-19 00:00:00;0.39;2019;5;19;127;-;-;3
2019-05-20 00:00:00;1.13;2019;5;20;127;-;-;3
2019-05-21 00:00:00;1.17;2019;5;21;127;-;-;3
2019-05-22 00:00:00;1.21;2019;5;22;127;-;-;3
2019-05-23 00:00:00;0.48;2019;5;23;128;2019 5 23;2019 5 29;4
2019-05-24 00:00:00;0.76;2019;5;24;128;-;-;4
2019-05-25 00:00:00;0.26;2019;5;25;128;-;-;4
2019-05-26 00:00:00;0.25;2019;5;26;128;-;-;4
2019-05-27 00:00:00;0.36;2019;5;27;128;-;-;4
2019-05-28 00:00:00;0.44;2019;5;28;128;-;-;4
2019-05-29 00:00:00;0.92;2019;5;29;128;-;-;4
2019-05-30 00:00:00;0.68;2019;5;30;129;2019 5 30;2019 6 5;1
2019-05-31 00:00:00;1.08;2019;5;31;129;-;-;1
2019-06-01 00:00:00;1.48;2019;6;1;129;-;-;1
2019-06-02 00:00:00;0.9;2019;6;2;129;-;-;1
2019-06-03 00:00:00;0.71;2019;6;3;129;-;-;1
2019-06-04 00:00:00;0.76;2019;6;4;129;-;-;1
2019-06-05 00:00:00;0.38;2019;6;5;129;-;-;1
2019-06-06 00:00:00;0.55;2019;6;6;130;2019 6 6;2019 6 12;2
2019-06-07 00:00:00;0.28;2019;6;7;130;-;-;2
2019-06-08 00:00:00;0.58;2019;6;8;130;-;-;2
2019-06-09 00:00:00;0.3;2019;6;9;130;-;-;2
2019-06-10 00:00:00;0.47;2019;6;10;130;-;-;2
2019-06-11 00:00:00;0.26;2019;6;11;130;-;-;2
2019-06-12 00:00:00;0.43;2019;6;12;130;-;-;2
2019-06-13 00:00:00;1.0;2019;6;13;131;2019 6 13;2019 6 19;3
2019-06-14 00:00:00;1.25;2019;6;14;131;-;-;3
2019-06-15 00:00:00;0.66;2019;6;15;131;-;-;3
2019-06-16 00:00:00;0.4;2019;6;16;131;-;-;3
2019-06-17 00:00:00;0.63;2019;6;17;131;-;-;3
2019-06-18 00:00:00;1.16;2019;6;18;131;-;-;3
2019-06-19 00:00:00;0.85;2019;6;19;131;-;-;3
2019-06-20 00:00:00;0.42;2019;6;20;132;2019 6 20;2019 6 26;4
2019-06-21 00:00:00;0.24;2019;6;21;132;-;-;4
2019-06-22 00:00:00;0.61;2019;6;22;132;-;-;4
2019-06-23 00:00:00;0.33;2019;6;23;132;-;-;4
2019-06-24 00:00:00;0.94;2019;6;24;132;-;-;4
2019-06-25 00:00:00;1.09;2019;6;25;132;-;-;4
2019-06-26 00:00:00;0.44;2019;6;26;132;-;-;4
2019-06-27 00:00:00;0.63;2019;6;27;133;2019 6 27;2019 7 2;1
2019-06-28 00:00:00;0.39;2019;6;28;133;-;-;1
2019-06-29 00:00:00;0.36;2019;6;29;133;-;-;1
2019-06-30 00:00:00;0.26;2019;6;30;133;-;-;1
2019-6-31 00:00:00;0.45;2019;6;31;133;-;-;1
2019-07-01 00:00:00;0.63;2019;7;1;133;-;-;1
2019-07-02 00:00:00;0.63;2019;7;2;133;-;-;1
2019-07-03 00:00:00;1.0;2019;7;3;134;2019 7 3;2019 7 9;2
2019-07-04 00:00:00;1.21;2019;7;4;134;-;-;2
2019-07-05 00:00:00;0.22;2019;7;5;134;-;-;2
2019-07-06 00:00:00;0.26;2019;7;6;134;-;-;2
2019-07-07 00:00:00;0.21;2019;7;7;134;-;-;2
2019-07-08 00:00:00;0.32;2019;7;8;134;-;-;2
2019-07-09 00:00:00;0.59;2019;7;9;134;-;-;2
2019-07-10 00:00:00;0.96;2019;7;10;135;2019 7 10;2019 7 16;3
2019-07-11 00:00:00;1.37;2019;7;11;135;-;-;3
2019-07-12 00:00:00;0.51;2019;7;12;135;-;-;3
2019-07-13 00:00:00;0.22;2019;7;13;135;-;-;3
2019-07-14 00:00:00;0.28;2019;7;14;135;-;-;3
2019-07-15 00:00:00;0.5;2019;7;15;135;-;-;3
2019-07-16 00:00:00;0.88;2019;7;16;135;-;-;3
2019-07-17 00:00:00;0.73;2019;7;17;136;2019 7 17;2019 7 23;4
2019-07-18 00:00:00;0.81;2019;7;18;136;-;-;4
2019-07-19 00:00:00;1.21;2019;7;19;136;-;-;4
2019-07-20 00:00:00;0.45;2019;7;20;136;-;-;4
2019-07-21 00:00:00;0.26;2019;7;21;136;-;-;4
2019-07-22 00:00:00;1.74;2019;7;22;136;-;-;4
2019-07-23 00:00:00;0.85;2019;7;23;136;-;-;4
2019-07-24 00:00:00;2.2;2019;7;24;137;2019 7 24;2019 7 30;1
2019-07-25 00:00:00;2.29;2019;7;25;137;-;-;1
2019-07-26 00:00:00;0.71;2019;7;26;137;-;-;1
2019-07-27 00:00:00;0.48;2019;7;27;137;-;-;1
2019-07-28 00:00:00;0.43;2019;7;28;137;-;-;1
2019-07-29 00:00:00;0.67;2019;7;29;137;-;-;1
2019-07-30 00:00:00;0.66;2019;7;30;137;-;-;1
2019-07-31 00:00:00;0.75;2019;7;31;138;2019 7 31;2019 8 6;2
2019-08-01 00:00:00;1.49;2019;8;1;138;-;-;2
2019-08-02 00:00:00;1.21;2019;8;2;138;-;-;2
2019-08-03 00:00:00;1.17;2019;8;3;138;-;-;2
2019-08-04 00:00:00;0.78;2019;8;4;138;-;-;2
2019-08-05 00:00:00;2.49;2019;8;5;138;-;-;2
2019-08-06 00:00:00;0.7;2019;8;6;138;-;-;2
2019-08-07 00:00:00;0.98;2019;8;7;139;2019 8 7;2019 8 13;3
2019-08-08 00:00:00;3.1;2019;8;8;139;-;-;3
2019-08-09 00:00:00;2.29;2019;8;9;139;-;-;3
2019-08-10 00:00:00;2.28;2019;8;10;139;-;-;3
2019-08-11 00:00:00;1.46;2019;8;11;139;-;-;3
2019-08-12 00:00:00;1.46;2019;8;12;139;-;-;3
2019-08-13 00:00:00;0.63;2019;8;13;139;-;-;3
2019-08-14 00:00:00;0.72;2019;8;14;140;2019 8 14;2019 8 20;4
2019-08-15 00:00:00;0.57;2019;8;15;140;-;-;4
2019-08-16 00:00:00;0.58;2019;8;16;140;-;-;4
2019-08-17 00:00:00;0.57;2019;8;17;140;-;-;4
2019-08-18 00:00:00;0.43;2019;8;18;140;-;-;4
2019-08-19 00:00:00;0.3;2019;8;19;140;-;-;4
2019-08-20 00:00:00;0.26;2019;8;20;140;-;-;4
2019-08-21 00:00:00;0.6;2019;8;21;141;2019 8 21;2019 8 27;1
2019-08-22 00:00:00;0.66;2019;8;22;141;-;-;1
2019-08-23 00:00:00;2.17;2019;8;23;141;-;-;1
2019-08-24 00:00:00;0.7;2019;8;24;141;-;-;1
2019-08-25 00:00:00;0.2;2019;8;25;141;-;-;1
2019-08-26 00:00:00;0.48;2019;8;26;141;-;-;1
2019-08-27 00:00:00;0.54;2019;8;27;141;-;-;1
2019-08-28 00:00:00;0.44;2019;8;28;142;2019 8 28;2019 9 3;2
2019-08-29 00:00:00;0.52;2019;8;29;142;-;-;2
2019-08-30 00:00:00;0.63;2019;8;30;142;-;-;2
2019-08-31 00:00:00;0.36;2019;8;31;142;-;-;2
2019-09-01 00:00:00;0.21;2019;9;1;142;-;-;2
2019-09-02 00:00:00;0.21;2019;9;2;142;-;-;2
2019-09-03 00:00:00;0.97;2019;9;3;142;-;-;2
2019-09-04 00:00:00;1.07;2019;9;4;143;2019 9 4;2019 9 10;3
2019-09-05 00:00:00;0.35;2019;9;5;143;-;-;3
2019-09-06 00:00:00;0.65;2019;9;6;143;-;-;3
2019-09-07 00:00:00;0.81;2019;9;7;143;-;-;3
2019-09-08 00:00:00;0.74;2019;9;8;143;-;-;3
2019-09-09 00:00:00;0.25;2019;9;9;143;-;-;3
2019-09-10 00:00:00;0.36;2019;9;10;143;-;-;3
2019-09-11 00:00:00;0.45;2019;9;11;144;2019 9 11;2019 9 17;4
2019-09-12 00:00:00;1.14;2019;9;12;144;-;-;4
2019-09-13 00:00:00;0.63;2019;9;13;144;-;-;4
2019-09-14 00:00:00;0.59;2019;9;14;144;-;-;4
2019-09-15 00:00:00;0.25;2019;9;15;144;-;-;4
2019-09-16 00:00:00;0.95;2019;9;16;144;-;-;4
2019-09-17 00:00:00;1.75;2019;9;17;144;-;-;4
2019-09-18 00:00:00;1.03;2019;9;18;145;2019 9 18;2019 9 24;1
2019-09-19 00:00:00;0.45;2019;9;19;145;-;-;1
2019-09-20 00:00:00;2.36;2019;9;20;145;-;-;1
2019-09-21 00:00:00;0.51;2019;9;21;145;-;-;1
2019-09-22 00:00:00;0.58;2019;9;22;145;-;-;1
2019-09-23 00:00:00;1.41;2019;9;23;145;-;-;1
2019-09-24 00:00:00;1.08;2019;9;24;145;-;-;1
2019-09-25 00:00:00;1.86;2019;9;25;146;2019 9 25;2019 9 31;2
2019-09-26 00:00:00;1.67;2019;9;26;146;-;-;2
2019-09-27 00:00:00;0.79;2019;9;27;146;-;-;2
2019-09-28 00:00:00;0.61;2019;9;28;146;-;-;2
2019-09-29 00:00:00;0.67;2019;9;29;146;-;-;2
2019-09-30 00:00:00;1.01;2019;9;30;146;-;-;2
2019-9-31 00:00:00;0.68;2019;9;31;146;-;-;2
2019-10-01 00:00:00;0.35;2019;10;1;147;2019 10 1;2019 10 7;3
2019-10-02 00:00:00;0.44;2019;10;2;147;-;-;3
2019-10-03 00:00:00;0.99;2019;10;3;147;-;-;3
2019-10-04 00:00:00;0.48;2019;10;4;147;-;-;3
2019-10-05 00:00:00;0.73;2019;10;5;147;-;-;3
2019-10-06 00:00:00;0.8;2019;10;6;147;-;-;3
2019-10-07 00:00:00;1.86;2019;10;7;147;-;-;3
2019-10-08 00:00:00;1.8;2019;10;8;148;2019 10 8;2019 10 14;4
2019-10-09 00:00:00;1.8;2019;10;9;148;-;-;4
2019-10-10 00:00:00;1.75;2019;10;10;148;-;-;4
2019-10-11 00:00:00;3.04;2019;10;11;148;-;-;4
2019-10-12 00:00:00;0.95;2019;10;12;148;-;-;4
2019-10-13 00:00:00;0.52;2019;10;13;148;-;-;4
2019-10-14 00:00:00;0.49;2019;10;14;148;-;-;4
2019-10-15 00:00:00;1.55;2019;10;15;149;2019 10 15;2019 10 21;1
2019-10-16 00:00:00;1.78;2019;10;16;149;-;-;1
2019-10-17 00:00:00;1.58;2019;10;17;149;-;-;1
2019-10-18 00:00:00;1.63;2019;10;18;149;-;-;1
2019-10-19 00:00:00;0.49;2019;10;19;149;-;-;1
2019-10-20 00:00:00;0.44;2019;10;20;149;-;-;1
2019-10-21 00:00:00;1.3;2019;10;21;149;-;-;1
2019-10-22 00:00:00;1.59;2019;10;22;150;2019 10 22;2019 10 28;2
2019-10-23 00:00:00;0.91;2019;10;23;150;-;-;2
2019-10-24 00:00:00;2.64;2019;10;24;150;-;-;2
2019-10-25 00:00:00;3.42;2019;10;25;150;-;-;2
2019-10-26 00:00:00;4.67;2019;10;26;150;-;-;2
2019-10-27 00:00:00;2.46;2019;10;27;150;-;-;2
2019-10-28 00:00:00;4.23;2019;10;28;150;-;-;2
2019-10-29 00:00:00;5.32;2019;10;29;151;2019 10 29;2019 11 4;3
2019-10-30 00:00:00;4.56;2019;10;30;151;-;-;3
2019-10-31 00:00:00;2.93;2019;10;31;151;-;-;3
2019-11-01 00:00:00;2.49;2019;11;1;151;-;-;3
2019-11-02 00:00:00;0.54;2019;11;2;151;-;-;3
2019-11-03 00:00:00;0.59;2019;11;3;151;-;-;3
2019-11-04 00:00:00;1.26;2019;11;4;151;-;-;3
2019-11-05 00:00:00;0.55;2019;11;5;152;2019 11 5;2019 11 11;4
2019-11-06 00:00:00;1.36;2019;11;6;152;-;-;4
2019-11-07 00:00:00;0.7;2019;11;7;152;-;-;4
2019-11-08 00:00:00;0.84;2019;11;8;152;-;-;4
2019-11-09 00:00:00;0.48;2019;11;9;152;-;-;4
2019-11-10 00:00:00;0.53;2019;11;10;152;-;-;4
2019-11-11 00:00:00;0.89;2019;11;11;152;-;-;4
2019-11-12 00:00:00;1.13;2019;11;12;153;2019 11 12;2019 11 18;1
2019-11-13 00:00:00;0.78;2019;11;13;153;-;-;1
2019-11-14 00:00:00;0.5;2019;11;14;153;-;-;1
2019-11-15 00:00:00;0.61;2019;11;15;153;-;-;1
2019-11-16 00:00:00;0.67;2019;11;16;153;-;-;1
2019-11-17 00:00:00;0.87;2019;11;17;153;-;-;1
2019-11-18 00:00:00;1.22;2019;11;18;153;-;-;1
2019-11-19 00:00:00;3.83;2019;11;19;154;2019 11 19;2019 11 25;2
2019-11-20 00:00:00;4.12;2019;11;20;154;-;-;2
2019-11-21 00:00:00;4.41;2019;11;21;154;-;-;2
2019-11-22 00:00:00;1.07;2019;11;22;154;-;-;2
2019-11-23 00:00:00;0.61;2019;11;23;154;-;-;2
2019-11-24 00:00:00;2.14;2019;11;24;154;-;-;2
2019-11-25 00:00:00;3.94;2019;11;25;154;-;-;2
2019-11-26 00:00:00;2.05;2019;11;26;155;2019 11 26;2019 12 1;3
2019-11-27 00:00:00;2.54;2019;11;27;155;-;-;3
2019-11-28 00:00:00;2.54;2019;11;28;155;-;-;3
2019-11-29 00:00:00;3.04;2019;11;29;155;-;-;3
2019-11-30 00:00:00;1.55;2019;11;30;155;-;-;3
2019-11-31 00:00:00;1.21;2019;11;31;155;-;-;3
2019-12-01 00:00:00;0.88;2019;12;1;155;-;-;3
2019-12-02 00:00:00;1.37;2019;12;2;156;2019 12 2;2019 12 8;4
2019-12-03 00:00:00;3.06;2019;12;3;156;-;-;4
2019-12-04 00:00:00;8.6;2019;12;4;156;-;-;4
2019-12-05 00:00:00;6.4;2019;12;5;156;-;-;4
2019-12-06 00:00:00;6.67;2019;12;6;156;-;-;4
2019-12-07 00:00:00;3.58;2019;12;7;156;-;-;4
2019-12-08 00:00:00;1.12;2019;12;8;156;-;-;4
2019-12-09 00:00:00;1.66;2019;12;9;157;2019 12 9;2019 12 15;1
2019-12-10 00:00:00;5.96;2019;12;10;157;-;-;1
2019-12-11 00:00:00;1.56;2019;12;11;157;-;-;1
2019-12-12 00:00:00;0.67;2019;12;12;157;-;-;1
2019-12-13 00:00:00;0.4;2019;12;13;157;-;-;1
2019-12-14 00:00:00;5.14;2019;12;14;157;-;-;1
2019-12-15 00:00:00;0.54;2019;12;15;157;-;-;1
2019-12-16 00:00:00;0.56;2019;12;16;158;2019 12 16;2019 12 22;2
2019-12-17 00:00:00;1.95;2019;12;17;158;-;-;2
2019-12-18 00:00:00;1.27;2019;12;18;158;-;-;2
2019-12-19 00:00:00;1.65;2019;12;19;158;-;-;2
2019-12-20 00:00:00;2.54;2019;12;20;158;-;-;2
2019-12-21 00:00:00;1.56;2019;12;21;158;-;-;2
2019-12-22 00:00:00;0.4;2019;12;22;158;-;-;2
2019-12-23 00:00:00;5.05;2019;12;23;159;2019 12 23;2019 12 29;3
2019-12-24 00:00:00;4.99;2019;12;24;159;-;-;3
2019-12-25 00:00:00;5.84;2019;12;25;159;-;-;3
2019-12-26 00:00:00;3.53;2019;12;26;159;-;-;3
2019-12-27 00:00:00;5.18;2019;12;27;159;-;-;3
2019-12-28 00:00:00;8.28;2019;12;28;159;-;-;3
2019-12-29 00:00:00;7.48;2019;12;29;159;-;-;3
2019-12-30 00:00:00;10.64;2019;12;30;160;2019 12 30;2020 1 5;4
2019-12-31 00:00:00;7.17;2019;12;31;160;-;-;4
2020-01-01 00:00:00;2.5;2020;1;1;160;-;-;4
2020-01-02 00:00:00;4.94;2020;1;2;160;-;-;4
2020-01-03 00:00:00;9.57;2020;1;3;160;-;-;4
2020-01-04 00:00:00;2.2;2020;1;4;160;-;-;4
2020-01-05 00:00:00;3.04;2020;1;5;160;-;-;4
2020-01-06 00:00:00;2.98;2020;1;6;161;2020 1 6;2020 1 12;1
2020-01-07 00:00:00;7.3;2020;1;7;161;-;-;1
2020-01-08 00:00:00;9.38;2020;1;8;161;-;-;1
2020-01-09 00:00:00;4.63;2020;1;9;161;-;-;1
2020-01-10 00:00:00;2.34;2020;1;10;161;-;-;1
2020-01-11 00:00:00;5.0;2020;1;11;161;-;-;1
2020-01-12 00:00:00;4.58;2020;1;12;161;-;-;1
2020-01-13 00:00:00;8.01;2020;1;13;162;2020 1 13;2020 1 19;2
2020-01-14 00:00:00;1.63;2020;1;14;162;-;-;2
2020-01-15 00:00:00;1.91;2020;1;15;162;-;-;2
2020-01-16 00:00:00;2.18;2020;1;16;162;-;-;2
2020-01-17 00:00:00;0.98;2020;1;17;162;-;-;2
2020-01-18 00:00:00;2.12;2020;1;18;162;-;-;2
2020-01-19 00:00:00;0.26;2020;1;19;162;-;-;2
2020-01-20 00:00:00;0.6;2020;1;20;163;2020 1 20;2020 1 26;3
2020-01-21 00:00:00;1.43;2020;1;21;163;-;-;3
2020-01-22 00:00:00;4.87;2020;1;22;163;-;-;3
2020-01-23 00:00:00;2.91;2020;1;23;163;-;-;3
2020-01-24 00:00:00;4.11;2020;1;24;163;-;-;3
2020-01-25 00:00:00;3.05;2020;1;25;163;-;-;3
2020-01-26 00:00:00;3.3;2020;1;26;163;-;-;3
2020-01-27 00:00:00;2.29;2020;1;27;164;2020 1 27;2020 2 2;4
2020-01-28 00:00:00;1.89;2020;1;28;164;-;-;4
2020-01-29 00:00:00;5.42;2020;1;29;164;-;-;4
2020-01-30 00:00:00;6.59;2020;1;30;164;-;-;4
2020-01-31 00:00:00;7.59;2020;1;31;164;-;-;4
2020-02-01 00:00:00;5.59;2020;2;1;164;-;-;4
2020-02-02 00:00:00;6.93;2020;2;2;164;-;-;4
2020-02-03 00:00:00;7.4;2020;2;3;165;2020 2 3;2020 2 9;1
2020-02-04 00:00:00;1.91;2020;2;4;165;-;-;1
2020-02-05 00:00:00;0.84;2020;2;5;165;-;-;1
2020-02-06 00:00:00;6.55;2020;2;6;165;-;-;1
2020-02-07 00:00:00;5.08;2020;2;7;165;-;-;1
2020-02-08 00:00:00;1.97;2020;2;8;165;-;-;1
2020-02-09 00:00:00;3.21;2020;2;9;165;-;-;1
2020-02-10 00:00:00;3.55;2020;2;10;166;2020 2 10;2020 2 16;2
2020-02-11 00:00:00;2.0;2020;2;11;166;-;-;2
2020-02-12 00:00:00;1.71;2020;2;12;166;-;-;2
2020-02-13 00:00:00;11.73;2020;2;13;166;-;-;2
2020-02-14 00:00:00;3.36;2020;2;14;166;-;-;2
2020-02-15 00:00:00;3.38;2020;2;15;166;-;-;2
2020-02-16 00:00:00;6.03;2020;2;16;166;-;-;2
2020-02-17 00:00:00;0.7;2020;2;17;167;2020 2 17;2020 2 23;3
2020-02-18 00:00:00;7.01;2020;2;18;167;-;-;3
2020-02-19 00:00:00;2.92;2020;2;19;167;-;-;3
2020-02-20 00:00:00;2.42;2020;2;20;167;-;-;3
2020-02-21 00:00:00;2.45;2020;2;21;167;-;-;3
2020-02-22 00:00:00;1.65;2020;2;22;167;-;-;3
2020-02-23 00:00:00;0.81;2020;2;23;167;-;-;3
2020-02-24 00:00:00;11.01;2020;2;24;168;2020 2 24;2020 2 30;4
2020-02-25 00:00:00;1.01;2020;2;25;168;-;-;4
2020-02-26 00:00:00;0.69;2020;2;26;168;-;-;4
2020-02-27 00:00:00;1.09;2020;2;27;168;-;-;4
2020-02-28 00:00:00;2.92;2020;2;28;168;-;-;4
2020-02-29 00:00:00;0.31;2020;2;29;168;-;-;4
2020-2-30 00:00:00;0.4;2020;2;30;168;-;-;4
2020-2-31 00:00:00;0.49;2020;2;31;169;2020 2 31;2020 3 6;1
2020-03-01 00:00:00;0.58;2020;3;1;169;-;-;1
2020-03-02 00:00:00;0.63;2020;3;2;169;-;-;1
2020-03-03 00:00:00;0.53;2020;3;3;169;-;-;1
2020-03-04 00:00:00;2.37;2020;3;4;169;-;-;1
2020-03-05 00:00:00;1.07;2020;3;5;169;-;-;1
2020-03-06 00:00:00;0.68;2020;3;6;169;-;-;1
2020-03-07 00:00:00;0.95;2020;3;7;170;2020 3 7;2020 3 13;2
2020-03-08 00:00:00;1.19;2020;3;8;170;-;-;2
2020-03-09 00:00:00;1.11;2020;3;9;170;-;-;2
2020-03-10 00:00:00;2.09;2020;3;10;170;-;-;2
2020-03-11 00:00:00;1.82;2020;3;11;170;-;-;2
2020-03-12 00:00:00;0.53;2020;3;12;170;-;-;2
2020-03-13 00:00:00;0.45;2020;3;13;170;-;-;2
2020-03-14 00:00:00;0.72;2020;3;14;171;2020 3 14;2020 3 20;3
2020-03-15 00:00:00;0.75;2020;3;15;171;-;-;3
2020-03-16 00:00:00;0.35;2020;3;16;171;-;-;3
2020-03-17 00:00:00;0.61;2020;3;17;171;-;-;3
2020-03-18 00:00:00;1.54;2020;3;18;171;-;-;3
2020-03-19 00:00:00;1.32;2020;3;19;171;-;-;3
2020-03-20 00:00:00;1.5;2020;3;20;171;-;-;3
2020-03-21 00:00:00;0.69;2020;3;21;172;2020 3 21;2020 3 27;4
2020-03-22 00:00:00;0.21;2020;3;22;172;-;-;4
2020-03-23 00:00:00;0.22;2020;3;23;172;-;-;4
2020-03-24 00:00:00;0.66;2020;3;24;172;-;-;4
2020-03-25 00:00:00;0.93;2020;3;25;172;-;-;4
2020-03-26 00:00:00;0.44;2020;3;26;172;-;-;4
2020-03-27 00:00:00;0.2;2020;3;27;172;-;-;4
2020-03-28 00:00:00;0.74;2020;3;28;173;2020 3 28;2020 4 3;1
2020-03-29 00:00:00;0.28;2020;3;29;173;-;-;1
2020-03-30 00:00:00;0.18;2020;3;30;173;-;-;1
2020-03-31 00:00:00;0.17;2020;3;31;173;-;-;1
2020-04-01 00:00:00;0.21;2020;4;1;173;-;-;1
2020-04-02 00:00:00;0.19;2020;4;2;173;-;-;1
2020-04-03 00:00:00;0.24;2020;4;3;173;-;-;1
2020-04-04 00:00:00;0.6;2020;4;4;174;2020 4 4;2020 4 10;2
2020-04-05 00:00:00;0.18;2020;4;5;174;-;-;2
2020-04-06 00:00:00;0.18;2020;4;6;174;-;-;2
2020-04-07 00:00:00;0.21;2020;4;7;174;-;-;2
2020-04-08 00:00:00;0.15;2020;4;8;174;-;-;2
2020-04-09 00:00:00;0.14;2020;4;9;174;-;-;2
2020-04-10 00:00:00;0.09;2020;4;10;174;-;-;2
2020-04-11 00:00:00;0.08;2020;4;11;175;2020 4 11;2020 4 17;3
2020-04-12 00:00:00;0.07;2020;4;12;175;-;-;3
2020-04-13 00:00:00;0.26;2020;4;13;175;-;-;3
2020-04-14 00:00:00;1.0;2020;4;14;175;-;-;3
2020-04-15 00:00:00;0.75;2020;4;15;175;-;-;3
2020-04-16 00:00:00;0.71;2020;4;16;175;-;-;3
2020-04-17 00:00:00;0.4;2020;4;17;175;-;-;3
2020-04-18 00:00:00;0.74;2020;4;18;176;2020 4 18;2020 4 24;4
2020-04-19 00:00:00;0.07;2020;4;19;176;-;-;4
2020-04-20 00:00:00;0.25;2020;4;20;176;-;-;4
2020-04-21 00:00:00;0.1;2020;4;21;176;-;-;4
2020-04-22 00:00:00;0.53;2020;4;22;176;-;-;4
2020-04-23 00:00:00;0.2;2020;4;23;176;-;-;4
2020-04-24 00:00:00;0.29;2020;4;24;176;-;-;4
2020-04-25 00:00:00;0.09;2020;4;25;177;2020 4 25;2020 4 31;1
2020-04-26 00:00:00;0.07;2020;4;26;177;-;-;1
2020-04-27 00:00:00;0.16;2020;4;27;177;-;-;1
2020-04-28 00:00:00;0.46;2020;4;28;177;-;-;1
2020-04-29 00:00:00;0.71;2020;4;29;177;-;-;1
2020-04-30 00:00:00;0.24;2020;4;30;177;-;-;1
2020-4-31 00:00:00;0.17;2020;4;31;177;-;-;1
2020-05-01 00:00:00;0.1;2020;5;1;178;2020 5 1;2020 5 7;2
2020-05-02 00:00:00;0.25;2020;5;2;178;-;-;2
2020-05-03 00:00:00;0.28;2020;5;3;178;-;-;2
2020-05-04 00:00:00;2.98;2020;5;4;178;-;-;2
2020-05-05 00:00:00;0.42;2020;5;5;178;-;-;2
2020-05-06 00:00:00;0.93;2020;5;6;178;-;-;2
2020-05-07 00:00:00;0.41;2020;5;7;178;-;-;2
2020-05-08 00:00:00;0.53;2020;5;8;179;2020 5 8;2020 5 14;3
2020-05-09 00:00:00;0.1;2020;5;9;179;-;-;3
2020-05-10 00:00:00;0.1;2020;5;10;179;-;-;3
2020-05-11 00:00:00;0.81;2020;5;11;179;-;-;3
2020-05-12 00:00:00;0.09;2020;5;12;179;-;-;3
2020-05-13 00:00:00;0.09;2020;5;13;179;-;-;3
2020-05-14 00:00:00;0.12;2020;5;14;179;-;-;3
2020-05-15 00:00:00;0.27;2020;5;15;180;2020 5 15;2020 5 21;4
2020-05-16 00:00:00;0.45;2020;5;16;180;-;-;4
2020-05-17 00:00:00;0.45;2020;5;17;180;-;-;4
2020-05-18 00:00:00;0.63;2020;5;18;180;-;-;4
2020-05-19 00:00:00;0.99;2020;5;19;180;-;-;4
2020-05-20 00:00:00;2.32;2020;5;20;180;-;-;4
2020-05-21 00:00:00;0.38;2020;5;21;180;-;-;4
2020-05-22 00:00:00;0.25;2020;5;22;181;2020 5 22;2020 5 28;1
2020-05-23 00:00:00;0.38;2020;5;23;181;-;-;1
2020-05-24 00:00:00;0.07;2020;5;24;181;-;-;1
2020-05-25 00:00:00;0.16;2020;5;25;181;-;-;1
2020-05-26 00:00:00;0.41;2020;5;26;181;-;-;1
2020-05-27 00:00:00;0.68;2020;5;27;181;-;-;1
2020-05-28 00:00:00;1.44;2020;5;28;181;-;-;1
2020-05-29 00:00:00;1.23;2020;5;29;182;2020 5 29;2020 6 4;2
2020-05-30 00:00:00;0.86;2020;5;30;182;-;-;2
2020-05-31 00:00:00;0.49;2020;5;31;182;-;-;2
2020-06-01 00:00:00;3.94;2020;6;1;182;-;-;2
2020-06-02 00:00:00;0.53;2020;6;2;182;-;-;2
2020-06-03 00:00:00;0.24;2020;6;3;182;-;-;2
2020-06-04 00:00:00;0.11;2020;6;4;182;-;-;2
2020-06-05 00:00:00;0.29;2020;6;5;183;2020 6 5;2020 6 11;3
2020-06-06 00:00:00;0.33;2020;6;6;183;-;-;3
2020-06-07 00:00:00;0.34;2020;6;7;183;-;-;3
2020-06-08 00:00:00;0.33;2020;6;8;183;-;-;3
2020-06-09 00:00:00;0.38;2020;6;9;183;-;-;3
2020-06-10 00:00:00;0.13;2020;6;10;183;-;-;3
2020-06-11 00:00:00;0.58;2020;6;11;183;-;-;3
2020-06-12 00:00:00;0.14;2020;6;12;184;2020 6 12;2020 6 18;4
2020-06-13 00:00:00;0.13;2020;6;13;184;-;-;4
2020-06-14 00:00:00;0.41;2020;6;14;184;-;-;4
2020-06-15 00:00:00;0.25;2020;6;15;184;-;-;4
2020-06-16 00:00:00;0.1;2020;6;16;184;-;-;4
2020-06-17 00:00:00;0.23;2020;6;17;184;-;-;4
2020-06-18 00:00:00;0.29;2020;6;18;184;-;-;4
2020-06-19 00:00:00;0.34;2020;6;19;185;2020 6 19;2020 6 25;1
2020-06-20 00:00:00;0.3;2020;6;20;185;-;-;1
2020-06-21 00:00:00;0.24;2020;6;21;185;-;-;1
2020-06-22 00:00:00;0.23;2020;6;22;185;-;-;1
2020-06-23 00:00:00;1.09;2020;6;23;185;-;-;1
2020-06-24 00:00:00;0.45;2020;6;24;185;-;-;1
2020-06-25 00:00:00;0.36;2020;6;25;185;-;-;1
2020-06-26 00:00:00;0.27;2020;6;26;186;2020 6 26;2020 7 1;2
2020-06-27 00:00:00;0.45;2020;6;27;186;-;-;2
2020-06-28 00:00:00;0.16;2020;6;28;186;-;-;2
2020-06-29 00:00:00;0.18;2020;6;29;186;-;-;2
2020-06-30 00:00:00;0.67;2020;6;30;186;-;-;2
2020-6-31 00:00:00;0.4;2020;6;31;186;-;-;2
2020-07-01 00:00:00;0.14;2020;7;1;186;-;-;2
2020-07-02 00:00:00;0.19;2020;7;2;187;2020 7 2;2020 7 8;3
2020-07-03 00:00:00;0.39;2020;7;3;187;-;-;3
2020-07-04 00:00:00;0.57;2020;7;4;187;-;-;3
2020-07-05 00:00:00;0.39;2020;7;5;187;-;-;3
2020-07-06 00:00:00;0.23;2020;7;6;187;-;-;3
2020-07-07 00:00:00;0.08;2020;7;7;187;-;-;3
2020-07-08 00:00:00;0.31;2020;7;8;187;-;-;3
2020-07-09 00:00:00;0.31;2020;7;9;188;2020 7 9;2020 7 15;4
2020-07-10 00:00:00;1.02;2020;7;10;188;-;-;4
2020-07-11 00:00:00;0.07;2020;7;11;188;-;-;4
2020-07-12 00:00:00;0.07;2020;7;12;188;-;-;4
2020-07-13 00:00:00;0.16;2020;7;13;188;-;-;4
2020-07-14 00:00:00;0.15;2020;7;14;188;-;-;4
2020-07-15 00:00:00;0.15;2020;7;15;188;-;-;4
2020-07-16 00:00:00;0.14;2020;7;16;189;2020 7 16;2020 7 22;1
2020-07-17 00:00:00;0.08;2020;7;17;189;-;-;1
2020-07-18 00:00:00;0.55;2020;7;18;189;-;-;1
2020-07-19 00:00:00;0.33;2020;7;19;189;-;-;1
2020-07-20 00:00:00;0.17;2020;7;20;189;-;-;1
2020-07-21 00:00:00;0.3;2020;7;21;189;-;-;1
2020-07-22 00:00:00;0.46;2020;7;22;189;-;-;1
2020-07-23 00:00:00;0.5;2020;7;23;190;2020 7 23;2020 7 29;2
2020-07-24 00:00:00;0.26;2020;7;24;190;-;-;2
2020-07-25 00:00:00;0.23;2020;7;25;190;-;-;2
2020-07-26 00:00:00;0.67;2020;7;26;190;-;-;2
2020-07-27 00:00:00;0.87;2020;7;27;190;-;-;2
2020-07-28 00:00:00;0.11;2020;7;28;190;-;-;2
2020-07-29 00:00:00;0.44;2020;7;29;190;-;-;2
2020-07-30 00:00:00;0.28;2020;7;30;191;2020 7 30;2020 8 5;3
2020-07-31 00:00:00;0.67;2020;7;31;191;-;-;3
2020-08-01 00:00:00;1.06;2020;8;1;191;-;-;3
2020-08-02 00:00:00;0.26;2020;8;2;191;-;-;3
2020-08-03 00:00:00;0.46;2020;8;3;191;-;-;3
2020-08-04 00:00:00;0.15;2020;8;4;191;-;-;3
2020-08-05 00:00:00;0.15;2020;8;5;191;-;-;3
2020-08-06 00:00:00;0.22;2020;8;6;192;2020 8 6;2020 8 12;4
2020-08-07 00:00:00;0.81;2020;8;7;192;-;-;4
2020-08-08 00:00:00;0.28;2020;8;8;192;-;-;4
2020-08-09 00:00:00;0.09;2020;8;9;192;-;-;4
2020-08-10 00:00:00;0.12;2020;8;10;192;-;-;4
2020-08-11 00:00:00;0.53;2020;8;11;192;-;-;4
2020-08-12 00:00:00;0.44;2020;8;12;192;-;-;4
2020-08-13 00:00:00;0.16;2020;8;13;193;2020 8 13;2020 8 19;1
2020-08-14 00:00:00;0.23;2020;8;14;193;-;-;1
2020-08-15 00:00:00;0.61;2020;8;15;193;-;-;1
2020-08-16 00:00:00;0.14;2020;8;16;193;-;-;1
2020-08-17 00:00:00;1.12;2020;8;17;193;-;-;1
2020-08-18 00:00:00;0.76;2020;8;18;193;-;-;1
2020-08-19 00:00:00;0.4;2020;8;19;193;-;-;1
2020-08-20 00:00:00;0.13;2020;8;20;194;2020 8 20;2020 8 26;2
2020-08-21 00:00:00;0.15;2020;8;21;194;-;-;2
2020-08-22 00:00:00;0.14;2020;8;22;194;-;-;2
2020-08-23 00:00:00;0.13;2020;8;23;194;-;-;2
2020-08-24 00:00:00;0.16;2020;8;24;194;-;-;2
2020-08-25 00:00:00;1.06;2020;8;25;194;-;-;2
2020-08-26 00:00:00;0.26;2020;8;26;194;-;-;2
2020-08-27 00:00:00;0.46;2020;8;27;195;2020 8 27;2020 9 2;3
2020-08-28 00:00:00;0.15;2020;8;28;195;-;-;3
2020-08-29 00:00:00;0.15;2020;8;29;195;-;-;3
2020-08-30 00:00:00;0.22;2020;8;30;195;-;-;3
2020-08-31 00:00:00;0.81;2020;8;31;195;-;-;3
2020-09-01 00:00:00;0.85;2020;9;1;195;-;-;3
2020-09-02 00:00:00;0.47;2020;9;2;195;-;-;3
2020-09-03 00:00:00;2.84;2020;9;3;196;2020 9 3;2020 9 9;4
2020-09-04 00:00:00;2.14;2020;9;4;196;-;-;4
2020-09-05 00:00:00;0.1;2020;9;5;196;-;-;4
2020-09-06 00:00:00;0.13;2020;9;6;196;-;-;4
2020-09-07 00:00:00;0.29;2020;9;7;196;-;-;4
2020-09-08 00:00:00;0.28;2020;9;8;196;-;-;4
2020-09-09 00:00:00;0.29;2020;9;9;196;-;-;4
2020-09-10 00:00:00;0.38;2020;9;10;197;2020 9 10;2020 9 16;1
2020-09-11 00:00:00;0.26;2020;9;11;197;-;-;1
2020-09-12 00:00:00;0.24;2020;9;12;197;-;-;1
2020-09-13 00:00:00;0.83;2020;9;13;197;-;-;1
2020-09-14 00:00:00;1.31;2020;9;14;197;-;-;1
2020-09-15 00:00:00;0.77;2020;9;15;197;-;-;1
2020-09-16 00:00:00;0.46;2020;9;16;197;-;-;1
2020-09-17 00:00:00;1.43;2020;9;17;198;2020 9 17;2020 9 23;2
2020-09-18 00:00:00;0.61;2020;9;18;198;-;-;2
2020-09-19 00:00:00;0.73;2020;9;19;198;-;-;2
2020-09-20 00:00:00;0.62;2020;9;20;198;-;-;2
2020-09-21 00:00:00;1.12;2020;9;21;198;-;-;2
2020-09-22 00:00:00;1.16;2020;9;22;198;-;-;2
2020-09-23 00:00:00;0.98;2020;9;23;198;-;-;2
2020-09-24 00:00:00;0.41;2020;9;24;199;2020 9 24;2020 9 30;3
2020-09-25 00:00:00;0.2;2020;9;25;199;-;-;3
2020-09-26 00:00:00;0.26;2020;9;26;199;-;-;3
2020-09-27 00:00:00;0.14;2020;9;27;199;-;-;3
2020-09-28 00:00:00;0.65;2020;9;28;199;-;-;3
2020-09-29 00:00:00;2.75;2020;9;29;199;-;-;3
2020-09-30 00:00:00;2.51;2020;9;30;199;-;-;3
2020-9-31 00:00:00;2.51;2020;9;31;200;2020 9 31;2020 10 6;4
2020-10-01 00:00:00;2.51;2020;10;1;200;-;-;4
2020-10-02 00:00:00;2.26;2020;10;2;200;-;-;4
2020-10-03 00:00:00;1.08;2020;10;3;200;-;-;4
2020-10-04 00:00:00;0.55;2020;10;4;200;-;-;4
2020-10-05 00:00:00;1.35;2020;10;5;200;-;-;4
2020-10-06 00:00:00;1.68;2020;10;6;200;-;-;4
2020-10-07 00:00:00;0.7;2020;10;7;201;2020 10 7;2020 10 13;1
2020-10-08 00:00:00;0.99;2020;10;8;201;-;-;1
2020-10-09 00:00:00;0.83;2020;10;9;201;-;-;1
2020-10-10 00:00:00;0.36;2020;10;10;201;-;-;1
2020-10-11 00:00:00;0.22;2020;10;11;201;-;-;1
2020-10-12 00:00:00;0.31;2020;10;12;201;-;-;1
2020-10-13 00:00:00;0.14;2020;10;13;201;-;-;1
2020-10-14 00:00:00;0.35;2020;10;14;202;2020 10 14;2020 10 20;2
2020-10-15 00:00:00;1.04;2020;10;15;202;-;-;2
2020-10-16 00:00:00;1.67;2020;10;16;202;-;-;2
2020-10-17 00:00:00;1.83;2020;10;17;202;-;-;2
2020-10-18 00:00:00;2.52;2020;10;18;202;-;-;2
2020-10-19 00:00:00;1.64;2020;10;19;202;-;-;2
2020-10-20 00:00:00;1.26;2020;10;20;202;-;-;2
2020-10-21 00:00:00;1.48;2020;10;21;203;2020 10 21;2020 10 27;3
2020-10-22 00:00:00;2.11;2020;10;22;203;-;-;3
2020-10-23 00:00:00;2.52;2020;10;23;203;-;-;3
2020-10-24 00:00:00;1.92;2020;10;24;203;-;-;3
2020-10-25 00:00:00;0.4;2020;10;25;203;-;-;3
2020-10-26 00:00:00;0.41;2020;10;26;203;-;-;3
2020-10-27 00:00:00;1.88;2020;10;27;203;-;-;3
2020-10-28 00:00:00;1.21;2020;10;28;204;2020 10 28;2020 11 3;4
2020-10-29 00:00:00;2.14;2020;10;29;204;-;-;4
2020-10-30 00:00:00;3.39;2020;10;30;204;-;-;4
2020-10-31 00:00:00;6.05;2020;10;31;204;-;-;4
2020-11-01 00:00:00;5.35;2020;11;1;204;-;-;4
2020-11-02 00:00:00;1.25;2020;11;2;204;-;-;4
2020-11-03 00:00:00;0.49;2020;11;3;204;-;-;4
2020-11-04 00:00:00;1.04;2020;11;4;205;2020 11 4;2020 11 10;1
2020-11-05 00:00:00;1.89;2020;11;5;205;-;-;1
2020-11-06 00:00:00;2.37;2020;11;6;205;-;-;1
2020-11-07 00:00:00;2.66;2020;11;7;205;-;-;1
2020-11-08 00:00:00;0.97;2020;11;8;205;-;-;1
2020-11-09 00:00:00;1.35;2020;11;9;205;-;-;1
2020-11-10 00:00:00;5.14;2020;11;10;205;-;-;1
2020-11-11 00:00:00;3.82;2020;11;11;206;2020 11 11;2020 11 17;2
2020-11-12 00:00:00;3.21;2020;11;12;206;-;-;2
2020-11-13 00:00:00;3.8;2020;11;13;206;-;-;2
2020-11-14 00:00:00;2.14;2020;11;14;206;-;-;2
2020-11-15 00:00:00;0.93;2020;11;15;206;-;-;2
2020-11-16 00:00:00;1.21;2020;11;16;206;-;-;2
2020-11-17 00:00:00;4.99;2020;11;17;206;-;-;2
2020-11-18 00:00:00;7.39;2020;11;18;207;2020 11 18;2020 11 24;3
2020-11-19 00:00:00;0.39;2020;11;19;207;-;-;3
2020-11-20 00:00:00;3.45;2020;11;20;207;-;-;3
2020-11-21 00:00:00;2.43;2020;11;21;207;-;-;3
2020-11-22 00:00:00;3.33;2020;11;22;207;-;-;3
2020-11-23 00:00:00;5.96;2020;11;23;207;-;-;3
2020-11-24 00:00:00;15.98;2020;11;24;207;-;-;3
2020-11-25 00:00:00;4.01;2020;11;25;208;2020 11 25;2020 11 31;4
2020-11-26 00:00:00;5.25;2020;11;26;208;-;-;4
2020-11-27 00:00:00;5.71;2020;11;27;208;-;-;4
2020-11-28 00:00:00;3.82;2020;11;28;208;-;-;4
2020-11-29 00:00:00;3.63;2020;11;29;208;-;-;4
2020-11-30 00:00:00;2.56;2020;11;30;208;-;-;4
2020-11-31 00:00:00;2.55;2020;11;31;208;-;-;4
2020-12-01 00:00:00;2.55;2020;12;1;209;2020 12 1;2020 12 7;1
2020-12-02 00:00:00;1.45;2020;12;2;209;-;-;1
2020-12-03 00:00:00;0.99;2020;12;3;209;-;-;1
2020-12-04 00:00:00;0.32;2020;12;4;209;-;-;1
2020-12-05 00:00:00;0.21;2020;12;5;209;-;-;1
2020-12-06 00:00:00;0.53;2020;12;6;209;-;-;1
2020-12-07 00:00:00;0.24;2020;12;7;209;-;-;1
2020-12-08 00:00:00;0.25;2020;12;8;210;2020 12 8;2020 12 14;2
2020-12-09 00:00:00;1.41;2020;12;9;210;-;-;2
2020-12-10 00:00:00;1.32;2020;12;10;210;-;-;2
2020-12-11 00:00:00;0.41;2020;12;11;210;-;-;2
2020-12-12 00:00:00;0.61;2020;12;12;210;-;-;2
2020-12-13 00:00:00;3.07;2020;12;13;210;-;-;2
2020-12-14 00:00:00;0.91;2020;12;14;210;-;-;2
2020-12-15 00:00:00;1.06;2020;12;15;211;2020 12 15;2020 12 21;3
2020-12-16 00:00:00;1.66;2020;12;16;211;-;-;3
2020-12-17 00:00:00;3.37;2020;12;17;211;-;-;3
2020-12-18 00:00:00;2.63;2020;12;18;211;-;-;3
2020-12-19 00:00:00;1.72;2020;12;19;211;-;-;3
2020-12-20 00:00:00;1.64;2020;12;20;211;-;-;3
2020-12-21 00:00:00;4.96;2020;12;21;211;-;-;3
2020-12-22 00:00:00;2.8;2020;12;22;212;2020 12 22;2020 12 28;4
2020-12-23 00:00:00;0.74;2020;12;23;212;-;-;4
2020-12-24 00:00:00;0.5;2020;12;24;212;-;-;4
2020-12-25 00:00:00;0.38;2020;12;25;212;-;-;4
2020-12-26 00:00:00;0.85;2020;12;26;212;-;-;4
2020-12-27 00:00:00;0.23;2020;12;27;212;-;-;4
2020-12-28 00:00:00;0.22;2020;12;28;212;-;-;4
2020-12-29 00:00:00;0.26;2020;12;29;213;2020 12 29;2021 1 4;1
2020-12-30 00:00:00;0.58;2020;12;30;213;-;-;1
2020-12-31 00:00:00;0.24;2020;12;31;213;-;-;1
2021-01-01 00:00:00;0.16;2021;1;1;213;-;-;1
2021-01-02 00:00:00;0.35;2021;1;2;213;-;-;1
2021-01-03 00:00:00;0.14;2021;1;3;213;-;-;1
2021-01-04 00:00:00;0.34;2021;1;4;213;-;-;1
2021-01-05 00:00:00;1.18;2021;1;5;214;2021 1 5;2021 1 11;2
2021-01-06 00:00:00;0.76;2021;1;6;214;-;-;2
2021-01-07 00:00:00;1.35;2021;1;7;214;-;-;2
2021-01-08 00:00:00;2.13;2021;1;8;214;-;-;2
2021-01-09 00:00:00;2.08;2021;1;9;214;-;-;2
2021-01-10 00:00:00;2.09;2021;1;10;214;-;-;2
2021-01-11 00:00:00;2.08;2021;1;11;214;-;-;2
2021-01-12 00:00:00;2.04;2021;1;12;215;2021 1 12;2021 1 18;3
2021-01-13 00:00:00;3.74;2021;1;13;215;-;-;3
2021-01-14 00:00:00;2.65;2021;1;14;215;-;-;3
2021-01-15 00:00:00;3.13;2021;1;15;215;-;-;3
2021-01-16 00:00:00;2.92;2021;1;16;215;-;-;3
2021-01-17 00:00:00;3.29;2021;1;17;215;-;-;3
2021-01-18 00:00:00;2.92;2021;1;18;215;-;-;3
2021-01-19 00:00:00;2.22;2021;1;19;216;2021 1 19;2021 1 25;4
2021-01-20 00:00:00;0.65;2021;1;20;216;-;-;4
2021-01-21 00:00:00;0.76;2021;1;21;216;-;-;4
2021-01-22 00:00:00;0.62;2021;1;22;216;-;-;4
2021-01-23 00:00:00;0.25;2021;1;23;216;-;-;4
2021-01-24 00:00:00;0.28;2021;1;24;216;-;-;4
2021-01-25 00:00:00;0.75;2021;1;25;216;-;-;4
2021-01-26 00:00:00;2.42;2021;1;26;217;2021 1 26;2021 2 1;1
2021-01-27 00:00:00;3.23;2021;1;27;217;-;-;1
2021-01-28 00:00:00;1.74;2021;1;28;217;-;-;1
2021-01-29 00:00:00;1.73;2021;1;29;217;-;-;1
2021-01-30 00:00:00;0.24;2021;1;30;217;-;-;1
2021-01-31 00:00:00;0.15;2021;1;31;217;-;-;1
2021-02-01 00:00:00;0.35;2021;2;1;217;-;-;1
2021-02-02 00:00:00;1.1;2021;2;2;218;2021 2 2;2021 2 8;2
2021-02-03 00:00:00;0.53;2021;2;3;218;-;-;2
2021-02-04 00:00:00;1.16;2021;2;4;218;-;-;2
2021-02-05 00:00:00;1.49;2021;2;5;218;-;-;2
2021-02-06 00:00:00;0.26;2021;2;6;218;-;-;2
2021-02-07 00:00:00;1.33;2021;2;7;218;-;-;2
2021-02-08 00:00:00;0.93;2021;2;8;218;-;-;2
2021-02-09 00:00:00;0.61;2021;2;9;219;2021 2 9;2021 2 15;3
2021-02-10 00:00:00;0.4;2021;2;10;219;-;-;3
2021-02-11 00:00:00;2.13;2021;2;11;219;-;-;3
2021-02-12 00:00:00;0.88;2021;2;12;219;-;-;3
2021-02-13 00:00:00;2.57;2021;2;13;219;-;-;3
2021-02-14 00:00:00;1.14;2021;2;14;219;-;-;3
2021-02-15 00:00:00;1.54;2021;2;15;219;-;-;3
2021-02-16 00:00:00;1.18;2021;2;16;220;2021 2 16;2021 2 22;4
2021-02-17 00:00:00;2.17;2021;2;17;220;-;-;4
2021-02-18 00:00:00;0.77;2021;2;18;220;-;-;4
2021-02-19 00:00:00;0.86;2021;2;19;220;-;-;4
2021-02-20 00:00:00;0.1;2021;2;20;220;-;-;4
2021-02-21 00:00:00;0.13;2021;2;21;220;-;-;4
2021-02-22 00:00:00;1.06;2021;2;22;220;-;-;4
2021-02-23 00:00:00;1.08;2021;2;23;221;2021 2 23;2021 2 29;1
2021-02-24 00:00:00;1.6;2021;2;24;221;-;-;1
2021-02-25 00:00:00;1.08;2021;2;25;221;-;-;1
2021-02-26 00:00:00;1.19;2021;2;26;221;-;-;1
2021-02-27 00:00:00;0.32;2021;2;27;221;-;-;1
2021-02-28 00:00:00;0.9;2021;2;28;221;-;-;1
2021-2-29 00:00:00;0.82;2021;2;29;221;-;-;1
2021-03-06 00:00:00;0.14;2021;3;6;223;2021 3 6;2021 3 12;3
2021-03-07 00:00:00;0.2;2021;3;7;223;-;-;3
2021-03-08 00:00:00;0.67;2021;3;8;223;-;-;3
2021-03-09 00:00:00;1.66;2021;3;9;223;-;-;3
2021-03-10 00:00:00;6.8;2021;3;10;223;-;-;3
2021-03-11 00:00:00;6.64;2021;3;11;223;-;-;3
2021-03-12 00:00:00;1.9;2021;3;12;223;-;-;3
2021-03-13 00:00:00;1.61;2021;3;13;224;2021 3 13;2021 3 19;4
2021-03-14 00:00:00;0.24;2021;3;14;224;-;-;4
2021-03-15 00:00:00;1.15;2021;3;15;224;-;-;4
2021-03-16 00:00:00;1.6;2021;3;16;224;-;-;4
2021-03-17 00:00:00;4.4;2021;3;17;224;-;-;4
2021-03-18 00:00:00;3.29;2021;3;18;224;-;-;4
2021-03-19 00:00:00;1.59;2021;3;19;224;-;-;4
2021-03-20 00:00:00;0.33;2021;3;20;225;2021 3 20;2021 3 26;1
2021-03-21 00:00:00;1.08;2021;3;21;225;-;-;1
2021-03-22 00:00:00;3.77;2021;3;22;225;-;-;1
2021-03-23 00:00:00;3.41;2021;3;23;225;-;-;1
2021-03-24 00:00:00;0.96;2021;3;24;225;-;-;1
2021-03-25 00:00:00;2.45;2021;3;25;225;-;-;1
2021-03-26 00:00:00;0.97;2021;3;26;225;-;-;1
2021-03-27 00:00:00;0.49;2021;3;27;226;2021 3 27;2021 4 2;2
2021-03-28 00:00:00;1.63;2021;3;28;226;-;-;2
2021-03-29 00:00:00;5.84;2021;3;29;226;-;-;2
2021-03-30 00:00:00;4.74;2021;3;30;226;-;-;2
2021-03-31 00:00:00;3.99;2021;3;31;226;-;-;2
2021-04-01 00:00:00;3.96;2021;4;1;226;-;-;2
2021-04-02 00:00:00;0.45;2021;4;2;226;-;-;2
2021-04-03 00:00:00;0.23;2021;4;3;227;2021 4 3;2021 4 9;3
2021-04-04 00:00:00;0.28;2021;4;4;227;-;-;3
2021-04-05 00:00:00;0.52;2021;4;5;227;-;-;3
2021-04-06 00:00:00;0.22;2021;4;6;227;-;-;3
2021-04-07 00:00:00;0.24;2021;4;7;227;-;-;3
2021-04-08 00:00:00;2.32;2021;4;8;227;-;-;3
2021-04-09 00:00:00;3.13;2021;4;9;227;-;-;3
2021-04-10 00:00:00;1.12;2021;4;10;228;2021 4 10;2021 4 16;4
2021-04-11 00:00:00;0.22;2021;4;11;228;-;-;4
2021-04-12 00:00:00;1.92;2021;4;12;228;-;-;4
2021-04-13 00:00:00;1.39;2021;4;13;228;-;-;4
2021-04-14 00:00:00;0.82;2021;4;14;228;-;-;4
2021-04-15 00:00:00;0.69;2021;4;15;228;-;-;4
2021-04-16 00:00:00;0.69;2021;4;16;228;-;-;4
2021-04-17 00:00:00;0.78;2021;4;17;229;2021 4 17;2021 4 23;1
2021-04-18 00:00:00;1.28;2021;4;18;229;-;-;1
2021-04-19 00:00:00;1.62;2021;4;19;229;-;-;1
2021-04-20 00:00:00;0.77;2021;4;20;229;-;-;1
2021-04-21 00:00:00;0.41;2021;4;21;229;-;-;1
2021-04-22 00:00:00;1.12;2021;4;22;229;-;-;1
2021-04-23 00:00:00;3.41;2021;4;23;229;-;-;1
2021-04-24 00:00:00;0.55;2021;4;24;230;2021 4 24;2021 4 30;2
2021-04-25 00:00:00;0.37;2021;4;25;230;-;-;2
2021-04-26 00:00:00;0.37;2021;4;26;230;-;-;2
2021-04-27 00:00:00;0.23;2021;4;27;230;-;-;2
2021-04-28 00:00:00;0.36;2021;4;28;230;-;-;2
2021-04-29 00:00:00;0.42;2021;4;29;230;-;-;2
2021-04-30 00:00:00;0.91;2021;4;30;230;-;-;2
2021-4-31 00:00:00;1.14;2021;4;31;231;2021 4 31;2021 5 6;3
2021-05-01 00:00:00;1.37;2021;5;1;231;-;-;3
2021-05-02 00:00:00;1.4;2021;5;2;231;-;-;3
2021-05-03 00:00:00;1.37;2021;5;3;231;-;-;3
2021-05-04 00:00:00;1.83;2021;5;4;231;-;-;3
2021-05-05 00:00:00;1.64;2021;5;5;231;-;-;3
2021-05-06 00:00:00;1.34;2021;5;6;231;-;-;3
2021-05-07 00:00:00;0.85;2021;5;7;232;2021 5 7;2021 5 13;4
2021-05-08 00:00:00;1.63;2021;5;8;232;-;-;4
2021-05-09 00:00:00;0.73;2021;5;9;232;-;-;4
2021-05-10 00:00:00;1.15;2021;5;10;232;-;-;4
2021-05-11 00:00:00;1.49;2021;5;11;232;-;-;4
2021-05-12 00:00:00;1.83;2021;5;12;232;-;-;4
2021-05-13 00:00:00;1.29;2021;5;13;232;-;-;4
2021-05-14 00:00:00;1.48;2021;5;14;233;2021 5 14;2021 5 20;1
2021-05-15 00:00:00;0.7;2021;5;15;233;-;-;1
2021-05-16 00:00:00;0.2;2021;5;16;233;-;-;1
2021-05-17 00:00:00;0.37;2021;5;17;233;-;-;1
2021-05-18 00:00:00;0.14;2021;5;18;233;-;-;1
2021-05-19 00:00:00;0.7;2021;5;19;233;-;-;1
2021-05-20 00:00:00;1.67;2021;5;20;233;-;-;1
2021-05-21 00:00:00;0.3;2021;5;21;234;2021 5 21;2021 5 27;2
2021-05-22 00:00:00;0.4;2021;5;22;234;-;-;2
2021-05-23 00:00:00;0.52;2021;5;23;234;-;-;2
2021-05-24 00:00:00;0.26;2021;5;24;234;-;-;2
2021-05-25 00:00:00;0.2;2021;5;25;234;-;-;2
2021-05-26 00:00:00;0.49;2021;5;26;234;-;-;2
2021-05-27 00:00:00;0.98;2021;5;27;234;-;-;2
2021-05-28 00:00:00;0.47;2021;5;28;235;2021 5 28;2021 6 3;3
2021-05-29 00:00:00;0.24;2021;5;29;235;-;-;3
2021-05-30 00:00:00;0.31;2021;5;30;235;-;-;3
2021-05-31 00:00:00;1.08;2021;5;31;235;-;-;3
2021-06-01 00:00:00;1.33;2021;6;1;235;-;-;3
2021-06-02 00:00:00;0.67;2021;6;2;235;-;-;3
2021-06-03 00:00:00;0.14;2021;6;3;235;-;-;3
2021-06-04 00:00:00;0.4;2021;6;4;236;2021 6 4;2021 6 10;4
2021-06-05 00:00:00;0.76;2021;6;5;236;-;-;4
2021-06-06 00:00:00;0.13;2021;6;6;236;-;-;4
2021-06-07 00:00:00;0.11;2021;6;7;236;-;-;4
2021-06-08 00:00:00;0.2;2021;6;8;236;-;-;4
2021-06-09 00:00:00;0.21;2021;6;9;236;-;-;4
2021-06-10 00:00:00;0.2;2021;6;10;236;-;-;4
2021-06-11 00:00:00;0.29;2021;6;11;237;2021 6 11;2021 6 17;1
2021-06-12 00:00:00;0.18;2021;6;12;237;-;-;1
2021-06-13 00:00:00;0.38;2021;6;13;237;-;-;1
2021-06-14 00:00:00;0.64;2021;6;14;237;-;-;1
2021-06-15 00:00:00;0.64;2021;6;15;237;-;-;1
2021-06-16 00:00:00;0.9;2021;6;16;237;-;-;1
2021-06-17 00:00:00;0.45;2021;6;17;237;-;-;1
2021-06-18 00:00:00;0.32;2021;6;18;238;2021 6 18;2021 6 24;2
2021-06-19 00:00:00;0.11;2021;6;19;238;-;-;2
2021-06-20 00:00:00;0.15;2021;6;20;238;-;-;2
2021-06-21 00:00:00;0.65;2021;6;21;238;-;-;2
2021-06-22 00:00:00;0.12;2021;6;22;238;-;-;2
2021-06-23 00:00:00;1.44;2021;6;23;238;-;-;2
2021-06-24 00:00:00;0.25;2021;6;24;238;-;-;2
2021-06-25 00:00:00;0.31;2021;6;25;239;2021 6 25;2021 6 31;3
2021-06-26 00:00:00;0.2;2021;6;26;239;-;-;3
2021-06-27 00:00:00;0.18;2021;6;27;239;-;-;3
2021-06-28 00:00:00;0.47;2021;6;28;239;-;-;3
2021-06-29 00:00:00;0.29;2021;6;29;239;-;-;3
2021-06-30 00:00:00;0.23;2021;6;30;239;-;-;3
2021-6-31 00:00:00;0.46;2021;6;31;239;-;-;3
2021-07-01 00:00:00;0.68;2021;7;1;240;2021 7 1;2021 7 7;4
2021-07-02 00:00:00;2.14;2021;7;2;240;-;-;4
2021-07-03 00:00:00;0.67;2021;7;3;240;-;-;4
2021-07-04 00:00:00;0.29;2021;7;4;240;-;-;4
2021-07-05 00:00:00;0.39;2021;7;5;240;-;-;4
2021-07-06 00:00:00;0.14;2021;7;6;240;-;-;4
2021-07-07 00:00:00;0.24;2021;7;7;240;-;-;4
2021-07-08 00:00:00;0.5;2021;7;8;241;2021 7 8;2021 7 14;1
2021-07-09 00:00:00;0.35;2021;7;9;241;-;-;1
2021-07-10 00:00:00;0.51;2021;7;10;241;-;-;1
2021-07-11 00:00:00;0.23;2021;7;11;241;-;-;1
2021-07-12 00:00:00;0.14;2021;7;12;241;-;-;1
2021-07-13 00:00:00;0.14;2021;7;13;241;-;-;1
2021-07-14 00:00:00;0.24;2021;7;14;241;-;-;1
2021-07-15 00:00:00;0.19;2021;7;15;242;2021 7 15;2021 7 21;2
2021-07-16 00:00:00;0.16;2021;7;16;242;-;-;2
2021-07-17 00:00:00;0.24;2021;7;17;242;-;-;2
2021-07-18 00:00:00;0.85;2021;7;18;242;-;-;2
2021-07-19 00:00:00;1.09;2021;7;19;242;-;-;2
2021-07-20 00:00:00;1.0;2021;7;20;242;-;-;2
2021-07-21 00:00:00;0.74;2021;7;21;242;-;-;2
2021-07-22 00:00:00;0.66;2021;7;22;243;2021 7 22;2021 7 28;3
2021-07-23 00:00:00;0.31;2021;7;23;243;-;-;3
2021-07-24 00:00:00;0.55;2021;7;24;243;-;-;3
2021-07-25 00:00:00;0.2;2021;7;25;243;-;-;3
2021-07-26 00:00:00;0.31;2021;7;26;243;-;-;3
2021-07-27 00:00:00;0.36;2021;7;27;243;-;-;3
2021-07-28 00:00:00;0.3;2021;7;28;243;-;-;3
2021-07-29 00:00:00;0.38;2021;7;29;244;2021 7 29;2021 8 4;4
2021-07-30 00:00:00;0.62;2021;7;30;244;-;-;4
2021-07-31 00:00:00;0.26;2021;7;31;244;-;-;4
2021-08-01 00:00:00;0.22;2021;8;1;244;-;-;4
2021-08-02 00:00:00;0.32;2021;8;2;244;-;-;4
2021-08-03 00:00:00;0.64;2021;8;3;244;-;-;4
2021-08-04 00:00:00;0.6;2021;8;4;244;-;-;4
2021-08-05 00:00:00;0.78;2021;8;5;245;2021 8 5;2021 8 11;1
2021-08-06 00:00:00;0.25;2021;8;6;245;-;-;1
2021-08-07 00:00:00;0.3;2021;8;7;245;-;-;1
2021-08-08 00:00:00;0.17;2021;8;8;245;-;-;1
2021-08-09 00:00:00;0.52;2021;8;9;245;-;-;1
2021-08-10 00:00:00;1.28;2021;8;10;245;-;-;1
2021-08-11 00:00:00;0.78;2021;8;11;245;-;-;1
2021-08-12 00:00:00;0.27;2021;8;12;246;2021 8 12;2021 8 18;2
2021-08-13 00:00:00;0.74;2021;8;13;246;-;-;2
2021-08-14 00:00:00;0.17;2021;8;14;246;-;-;2
2021-08-15 00:00:00;0.24;2021;8;15;246;-;-;2
2021-08-16 00:00:00;0.15;2021;8;16;246;-;-;2
2021-08-17 00:00:00;0.21;2021;8;17;246;-;-;2
2021-08-18 00:00:00;0.19;2021;8;18;246;-;-;2
2021-08-19 00:00:00;0.24;2021;8;19;247;2021 8 19;2021 8 25;3
2021-08-20 00:00:00;0.23;2021;8;20;247;-;-;3
2021-08-21 00:00:00;0.57;2021;8;21;247;-;-;3
2021-08-22 00:00:00;0.15;2021;8;22;247;-;-;3
2021-08-23 00:00:00;0.51;2021;8;23;247;-;-;3
2021-08-24 00:00:00;0.44;2021;8;24;247;-;-;3
2021-08-25 00:00:00;0.83;2021;8;25;247;-;-;3
2021-08-26 00:00:00;3.32;2021;8;26;248;2021 8 26;2021 9 1;4
2021-08-27 00:00:00;0.89;2021;8;27;248;-;-;4
2021-08-28 00:00:00;0.27;2021;8;28;248;-;-;4
2021-08-29 00:00:00;0.18;2021;8;29;248;-;-;4
2021-08-30 00:00:00;0.25;2021;8;30;248;-;-;4
2021-08-31 00:00:00;0.48;2021;8;31;248;-;-;4
2021-09-01 00:00:00;0.74;2021;9;1;248;-;-;4
2021-09-02 00:00:00;1.02;2021;9;2;249;2021 9 2;2021 9 8;1
2021-09-03 00:00:00;0.65;2021;9;3;249;-;-;1
2021-09-04 00:00:00;0.74;2021;9;4;249;-;-;1
2021-09-05 00:00:00;1.32;2021;9;5;249;-;-;1
2021-09-06 00:00:00;4.76;2021;9;6;249;-;-;1
2021-09-07 00:00:00;3.74;2021;9;7;249;-;-;1
2021-09-08 00:00:00;0.49;2021;9;8;249;-;-;1
2021-09-09 00:00:00;0.56;2021;9;9;250;2021 9 9;2021 9 15;2
2021-09-10 00:00:00;0.74;2021;9;10;250;-;-;2
2021-09-11 00:00:00;1.35;2021;9;11;250;-;-;2
2021-09-12 00:00:00;1.23;2021;9;12;250;-;-;2
2021-09-13 00:00:00;3.13;2021;9;13;250;-;-;2
2021-09-14 00:00:00;0.78;2021;9;14;250;-;-;2
2021-09-15 00:00:00;0.71;2021;9;15;250;-;-;2
2021-09-16 00:00:00;0.79;2021;9;16;251;2021 9 16;2021 9 22;3
2021-09-17 00:00:00;1.91;2021;9;17;251;-;-;3
2021-09-18 00:00:00;0.82;2021;9;18;251;-;-;3
2021-09-19 00:00:00;0.5;2021;9;19;251;-;-;3
2021-09-20 00:00:00;0.48;2021;9;20;251;-;-;3
2021-09-21 00:00:00;1.09;2021;9;21;251;-;-;3
2021-09-22 00:00:00;1.54;2021;9;22;251;-;-;3
2021-09-23 00:00:00;1.53;2021;9;23;252;2021 9 23;2021 9 29;4
2021-09-24 00:00:00;1.62;2021;9;24;252;-;-;4
2021-09-25 00:00:00;1.7;2021;9;25;252;-;-;4
2021-09-26 00:00:00;1.46;2021;9;26;252;-;-;4
2021-09-27 00:00:00;0.5;2021;9;27;252;-;-;4
2021-09-28 00:00:00;1.39;2021;9;28;252;-;-;4
2021-09-29 00:00:00;1.47;2021;9;29;252;-;-;4
2021-09-30 00:00:00;2.27;2021;9;30;253;2021 9 30;2021 10 5;1
2021-9-31 00:00:00;2.08;2021;9;31;253;-;-;1
2021-10-01 00:00:00;1.9;2021;10;1;253;-;-;1
2021-10-02 00:00:00;2.27;2021;10;2;253;-;-;1
2021-10-03 00:00:00;0.65;2021;10;3;253;-;-;1
2021-10-04 00:00:00;1.36;2021;10;4;253;-;-;1
2021-10-05 00:00:00;0.3;2021;10;5;253;-;-;1
2021-10-06 00:00:00;1.7;2021;10;6;254;2021 10 6;2021 10 12;2
2021-10-07 00:00:00;4.05;2021;10;7;254;-;-;2
2021-10-08 00:00:00;3.2;2021;10;8;254;-;-;2
2021-10-09 00:00:00;1.94;2021;10;9;254;-;-;2
2021-10-10 00:00:00;1.25;2021;10;10;254;-;-;2
2021-10-11 00:00:00;1.34;2021;10;11;254;-;-;2
2021-10-12 00:00:00;1.56;2021;10;12;254;-;-;2
2021-10-13 00:00:00;4.76;2021;10;13;255;2021 10 13;2021 10 19;3
2021-10-14 00:00:00;6.65;2021;10;14;255;-;-;3
2021-10-15 00:00:00;2.49;2021;10;15;255;-;-;3
2021-10-16 00:00:00;1.69;2021;10;16;255;-;-;3
2021-10-17 00:00:00;1.86;2021;10;17;255;-;-;3
2021-10-18 00:00:00;4.61;2021;10;18;255;-;-;3
2021-10-19 00:00:00;7.01;2021;10;19;255;-;-;3
2021-10-20 00:00:00;2.32;2021;10;20;256;2021 10 20;2021 10 26;4
2021-10-21 00:00:00;0.73;2021;10;21;256;-;-;4
2021-10-22 00:00:00;0.43;2021;10;22;256;-;-;4
2021-10-23 00:00:00;2.0;2021;10;23;256;-;-;4
2021-10-24 00:00:00;1.0;2021;10;24;256;-;-;4
2021-10-25 00:00:00;1.24;2021;10;25;256;-;-;4
2021-10-26 00:00:00;4.29;2021;10;26;256;-;-;4
2021-10-27 00:00:00;3.9;2021;10;27;257;2021 10 27;2021 11 2;1
2021-10-28 00:00:00;4.99;2021;10;28;257;-;-;1
2021-10-29 00:00:00;1.52;2021;10;29;257;-;-;1
2021-10-30 00:00:00;1.75;2021;10;30;257;-;-;1
2021-10-31 00:00:00;1.41;2021;10;31;257;-;-;1
2021-11-01 00:00:00;0.29;2021;11;1;257;-;-;1
2021-11-02 00:00:00;1.0;2021;11;2;257;-;-;1
2021-11-03 00:00:00;0.87;2021;11;3;258;2021 11 3;2021 11 9;2
2021-11-04 00:00:00;1.26;2021;11;4;258;-;-;2
2021-11-05 00:00:00;1.85;2021;11;5;258;-;-;2
2021-11-06 00:00:00;1.73;2021;11;6;258;-;-;2
2021-11-07 00:00:00;1.0;2021;11;7;258;-;-;2
2021-11-08 00:00:00;1.01;2021;11;8;258;-;-;2
2021-11-09 00:00:00;0.3;2021;11;9;258;-;-;2
2021-11-10 00:00:00;3.01;2021;11;10;259;2021 11 10;2021 11 16;3
2021-11-11 00:00:00;3.36;2021;11;11;259;-;-;3
2021-11-12 00:00:00;2.91;2021;11;12;259;-;-;3
2021-11-13 00:00:00;1.99;2021;11;13;259;-;-;3
2021-11-14 00:00:00;0.59;2021;11;14;259;-;-;3
2021-11-15 00:00:00;0.76;2021;11;15;259;-;-;3
2021-11-16 00:00:00;2.27;2021;11;16;259;-;-;3
2021-11-17 00:00:00;2.45;2021;11;17;260;2021 11 17;2021 11 23;4
2021-11-18 00:00:00;2.69;2021;11;18;260;-;-;4
2021-11-19 00:00:00;4.08;2021;11;19;260;-;-;4
2021-11-20 00:00:00;5.6;2021;11;20;260;-;-;4
2021-11-21 00:00:00;1.09;2021;11;21;260;-;-;4
2021-11-22 00:00:00;0.52;2021;11;22;260;-;-;4
2021-11-23 00:00:00;0.8;2021;11;23;260;-;-;4
2021-11-24 00:00:00;0.14;2021;11;24;261;2021 11 24;2021 11 30;1
2021-11-25 00:00:00;0.88;2021;11;25;261;-;-;1
2021-11-26 00:00:00;0.69;2021;11;26;261;-;-;1
2021-11-27 00:00:00;0.27;2021;11;27;261;-;-;1
2021-11-28 00:00:00;0.44;2021;11;28;261;-;-;1
2021-11-29 00:00:00;2.0;2021;11;29;261;-;-;1
2021-11-30 00:00:00;3.93;2021;11;30;261;-;-;1
2021-11-31 00:00:00;2.57;2021;11;31;262;2021 11 31;2021 12 6;2
2021-12-01 00:00:00;1.21;2021;12;1;262;-;-;2
2021-12-02 00:00:00;0.63;2021;12;2;262;-;-;2
2021-12-03 00:00:00;3.14;2021;12;3;262;-;-;2
2021-12-04 00:00:00;0.65;2021;12;4;262;-;-;2
2021-12-05 00:00:00;0.62;2021;12;5;262;-;-;2
2021-12-06 00:00:00;1.2;2021;12;6;262;-;-;2
2021-12-07 00:00:00;1.92;2021;12;7;263;2021 12 7;2021 12 13;3
2021-12-08 00:00:00;0.19;2021;12;8;263;-;-;3
2021-12-09 00:00:00;0.9;2021;12;9;263;-;-;3
2021-12-10 00:00:00;0.4;2021;12;10;263;-;-;3
2021-12-11 00:00:00;1.64;2021;12;11;263;-;-;3
2021-12-12 00:00:00;3.61;2021;12;12;263;-;-;3
2021-12-13 00:00:00;9.32;2021;12;13;263;-;-;3
2021-12-14 00:00:00;5.44;2021;12;14;264;2021 12 14;2021 12 20;4
2021-12-15 00:00:00;6.49;2021;12;15;264;-;-;4
2021-12-16 00:00:00;6.4;2021;12;16;264;-;-;4
2021-12-17 00:00:00;7.05;2021;12;17;264;-;-;4
2021-12-18 00:00:00;7.04;2021;12;18;264;-;-;4
2021-12-19 00:00:00;7.05;2021;12;19;264;-;-;4
2021-12-20 00:00:00;7.59;2021;12;20;264;-;-;4
2021-12-21 00:00:00;9.07;2021;12;21;265;2021 12 21;2021 12 27;1
2021-12-22 00:00:00;4.64;2021;12;22;265;-;-;1
2021-12-23 00:00:00;4.43;2021;12;23;265;-;-;1
2021-12-24 00:00:00;4.22;2021;12;24;265;-;-;1
2021-12-25 00:00:00;4.62;2021;12;25;265;-;-;1
2021-12-26 00:00:00;5.1;2021;12;26;265;-;-;1
2021-12-27 00:00:00;2.08;2021;12;27;265;-;-;1
2021-12-28 00:00:00;2.69;2021;12;28;266;2021 12 28;2022 1 3;2
2021-12-29 00:00:00;5.29;2021;12;29;266;-;-;2
2021-12-30 00:00:00;6.8;2021;12;30;266;-;-;2
2021-12-31 00:00:00;5.11;2021;12;31;266;-;-;2
2022-01-01 00:00:00;0.84;2022;1;1;266;-;-;2
2022-01-02 00:00:00;3.84;2022;1;2;266;-;-;2
2022-01-03 00:00:00;4.99;2022;1;3;266;-;-;2
2022-01-04 00:00:00;1.12;2022;1;4;267;2022 1 4;2022 1 10;3
2022-01-05 00:00:00;3.79;2022;1;5;267;-;-;3
2022-01-06 00:00:00;2.29;2022;1;6;267;-;-;3
2022-01-07 00:00:00;1.45;2022;1;7;267;-;-;3
2022-01-08 00:00:00;0.72;2022;1;8;267;-;-;3
2022-01-09 00:00:00;0.26;2022;1;9;267;-;-;3
2022-01-10 00:00:00;1.54;2022;1;10;267;-;-;3
2022-01-11 00:00:00;0.74;2022;1;11;268;2022 1 11;2022 1 17;4
2022-01-12 00:00:00;1.34;2022;1;12;268;-;-;4
2022-01-13 00:00:00;3.54;2022;1;13;268;-;-;4
2022-01-14 00:00:00;4.86;2022;1;14;268;-;-;4
2022-01-15 00:00:00;3.74;2022;1;15;268;-;-;4
2022-01-16 00:00:00;4.81;2022;1;16;268;-;-;4
2022-01-17 00:00:00;6.61;2022;1;17;268;-;-;4
2022-01-18 00:00:00;4.94;2022;1;18;269;2022 1 18;2022 1 24;1
2022-01-19 00:00:00;5.74;2022;1;19;269;-;-;1
2022-01-20 00:00:00;3.09;2022;1;20;269;-;-;1
2022-01-21 00:00:00;2.3;2022;1;21;269;-;-;1
2022-01-22 00:00:00;3.85;2022;1;22;269;-;-;1
2022-01-23 00:00:00;3.84;2022;1;23;269;-;-;1
2022-01-24 00:00:00;3.85;2022;1;24;269;-;-;1
2022-01-25 00:00:00;5.39;2022;1;25;270;2022 1 25;2022 1 31;2
2022-01-26 00:00:00;4.27;2022;1;26;270;-;-;2
2022-01-27 00:00:00;2.9;2022;1;27;270;-;-;2
2022-01-28 00:00:00;2.18;2022;1;28;270;-;-;2
2022-01-29 00:00:00;2.68;2022;1;29;270;-;-;2
2022-01-30 00:00:00;1.36;2022;1;30;270;-;-;2
2022-01-31 00:00:00;0.91;2022;1;31;270;-;-;2
2022-02-01 00:00:00;1.52;2022;2;1;271;2022 2 1;2022 2 7;3
2022-02-02 00:00:00;6.45;2022;2;2;271;-;-;3
2022-02-03 00:00:00;6.82;2022;2;3;271;-;-;3
2022-02-04 00:00:00;3.83;2022;2;4;271;-;-;3
2022-02-05 00:00:00;1.21;2022;2;5;271;-;-;3
2022-02-06 00:00:00;1.5;2022;2;6;271;-;-;3
2022-02-07 00:00:00;1.7;2022;2;7;271;-;-;3
2022-02-08 00:00:00;4.11;2022;2;8;272;2022 2 8;2022 2 14;4
2022-02-09 00:00:00;7.88;2022;2;9;272;-;-;4
2022-02-10 00:00:00;6.25;2022;2;10;272;-;-;4
2022-02-11 00:00:00;1.54;2022;2;11;272;-;-;4
2022-02-12 00:00:00;1.66;2022;2;12;272;-;-;4
2022-02-13 00:00:00;1.37;2022;2;13;272;-;-;4
2022-02-14 00:00:00;0.39;2022;2;14;272;-;-;4
2022-02-15 00:00:00;2.44;2022;2;15;273;2022 2 15;2022 2 21;1
2022-02-16 00:00:00;3.33;2022;2;16;273;-;-;1
2022-02-17 00:00:00;4.39;2022;2;17;273;-;-;1
2022-02-18 00:00:00;1.5;2022;2;18;273;-;-;1
2022-02-19 00:00:00;1.09;2022;2;19;273;-;-;1
2022-02-20 00:00:00;0.85;2022;2;20;273;-;-;1
2022-02-21 00:00:00;0.91;2022;2;21;273;-;-;1
2022-02-22 00:00:00;2.43;2022;2;22;274;2022 2 22;2022 2 28;2
2022-02-23 00:00:00;2.89;2022;2;23;274;-;-;2
2022-02-24 00:00:00;0.46;2022;2;24;274;-;-;2
2022-02-25 00:00:00;0.12;2022;2;25;274;-;-;2
2022-02-26 00:00:00;2.7;2022;2;26;274;-;-;2
2022-02-27 00:00:00;3.06;2022;2;27;274;-;-;2
2022-02-28 00:00:00;3.33;2022;2;28;274;-;-;2
2022-03-05 00:00:00;0.57;2022;3;5;276;2022 3 5;2022 3 11;4
2022-03-06 00:00:00;0.86;2022;3;6;276;-;-;4
2022-03-07 00:00:00;1.22;2022;3;7;276;-;-;4
2022-03-08 00:00:00;2.42;2022;3;8;276;-;-;4
2022-03-09 00:00:00;1.63;2022;3;9;276;-;-;4
2022-03-10 00:00:00;2.02;2022;3;10;276;-;-;4
2022-03-11 00:00:00;1.52;2022;3;11;276;-;-;4
2022-03-12 00:00:00;1.04;2022;3;12;277;2022 3 12;2022 3 18;1
2022-03-13 00:00:00;0.97;2022;3;13;277;-;-;1
2022-03-14 00:00:00;0.75;2022;3;14;277;-;-;1
2022-03-15 00:00:00;3.23;2022;3;15;277;-;-;1
2022-03-16 00:00:00;1.0;2022;3;16;277;-;-;1
2022-03-17 00:00:00;0.81;2022;3;17;277;-;-;1
2022-03-18 00:00:00;2.04;2022;3;18;277;-;-;1
2022-03-19 00:00:00;2.38;2022;3;19;278;2022 3 19;2022 3 25;2
2022-03-20 00:00:00;2.29;2022;3;20;278;-;-;2
2022-03-21 00:00:00;1.96;2022;3;21;278;-;-;2
2022-03-22 00:00:00;2.35;2022;3;22;278;-;-;2
2022-03-23 00:00:00;1.4;2022;3;23;278;-;-;2
2022-03-24 00:00:00;1.68;2022;3;24;278;-;-;2
2022-03-25 00:00:00;1.25;2022;3;25;278;-;-;2
2022-03-26 00:00:00;1.83;2022;3;26;279;2022 3 26;2022 4 1;3
2022-03-27 00:00:00;2.39;2022;3;27;279;-;-;3
2022-03-28 00:00:00;2.43;2022;3;28;279;-;-;3
2022-03-29 00:00:00;0.72;2022;3;29;279;-;-;3
2022-03-30 00:00:00;0.35;2022;3;30;279;-;-;3
2022-03-31 00:00:00;0.42;2022;3;31;279;-;-;3
2022-04-01 00:00:00;0.31;2022;4;1;279;-;-;3
2022-04-02 00:00:00;0.52;2022;4;2;280;2022 4 2;2022 4 8;4
2022-04-03 00:00:00;0.42;2022;4;3;280;-;-;4
2022-04-04 00:00:00;0.75;2022;4;4;280;-;-;4
2022-04-05 00:00:00;0.59;2022;4;5;280;-;-;4
2022-04-06 00:00:00;1.99;2022;4;6;280;-;-;4
2022-04-07 00:00:00;1.25;2022;4;7;280;-;-;4
2022-04-08 00:00:00;1.16;2022;4;8;280;-;-;4
2022-04-09 00:00:00;0.46;2022;4;9;281;2022 4 9;2022 4 15;1
2022-04-10 00:00:00;1.33;2022;4;10;281;-;-;1
2022-04-11 00:00:00;0.81;2022;4;11;281;-;-;1
2022-04-12 00:00:00;1.08;2022;4;12;281;-;-;1
2022-04-13 00:00:00;0.42;2022;4;13;281;-;-;1
2022-04-14 00:00:00;0.57;2022;4;14;281;-;-;1
2022-04-15 00:00:00;0.17;2022;4;15;281;-;-;1
2022-04-16 00:00:00;0.11;2022;4;16;282;2022 4 16;2022 4 22;2
2022-04-17 00:00:00;0.13;2022;4;17;282;-;-;2
2022-04-18 00:00:00;0.15;2022;4;18;282;-;-;2
2022-04-19 00:00:00;0.15;2022;4;19;282;-;-;2
2022-04-20 00:00:00;0.16;2022;4;20;282;-;-;2
2022-04-21 00:00:00;0.44;2022;4;21;282;-;-;2
2022-04-22 00:00:00;0.9;2022;4;22;282;-;-;2
2022-04-23 00:00:00;0.15;2022;4;23;283;2022 4 23;2022 4 29;3
2022-04-24 00:00:00;0.3;2022;4;24;283;-;-;3
2022-04-25 00:00:00;1.44;2022;4;25;283;-;-;3
2022-04-26 00:00:00;1.37;2022;4;26;283;-;-;3
2022-04-27 00:00:00;1.01;2022;4;27;283;-;-;3
2022-04-28 00:00:00;0.74;2022;4;28;283;-;-;3
2022-04-29 00:00:00;1.55;2022;4;29;283;-;-;3
2022-04-30 00:00:00;0.35;2022;4;30;284;2022 4 30;2022 5 5;4
2022-4-31 00:00:00;0.25;2022;4;31;284;-;-;4
2022-05-01 00:00:00;0.15;2022;5;1;284;-;-;4
2022-05-02 00:00:00;0.31;2022;5;2;284;-;-;4
2022-05-03 00:00:00;0.51;2022;5;3;284;-;-;4
2022-05-04 00:00:00;0.93;2022;5;4;284;-;-;4
2022-05-05 00:00:00;0.97;2022;5;5;284;-;-;4
2022-05-06 00:00:00;0.53;2022;5;6;285;2022 5 6;2022 5 12;1
2022-05-07 00:00:00;0.55;2022;5;7;285;-;-;1
2022-05-08 00:00:00;0.24;2022;5;8;285;-;-;1
2022-05-09 00:00:00;1.65;2022;5;9;285;-;-;1
2022-05-10 00:00:00;0.94;2022;5;10;285;-;-;1
2022-05-11 00:00:00;0.46;2022;5;11;285;-;-;1
2022-05-12 00:00:00;0.56;2022;5;12;285;-;-;1
2022-05-13 00:00:00;0.14;2022;5;13;286;2022 5 13;2022 5 19;2
2022-05-14 00:00:00;0.26;2022;5;14;286;-;-;2
2022-05-15 00:00:00;0.41;2022;5;15;286;-;-;2
2022-05-16 00:00:00;0.7;2022;5;16;286;-;-;2
2022-05-17 00:00:00;0.97;2022;5;17;286;-;-;2
2022-05-18 00:00:00;0.19;2022;5;18;286;-;-;2
2022-05-19 00:00:00;0.22;2022;5;19;286;-;-;2
2022-05-20 00:00:00;0.14;2022;5;20;287;2022 5 20;2022 5 26;3
2022-05-21 00:00:00;0.31;2022;5;21;287;-;-;3
2022-05-22 00:00:00;0.3;2022;5;22;287;-;-;3
2022-05-23 00:00:00;0.18;2022;5;23;287;-;-;3
2022-05-24 00:00:00;0.76;2022;5;24;287;-;-;3
2022-05-25 00:00:00;0.42;2022;5;25;287;-;-;3
2022-05-26 00:00:00;0.66;2022;5;26;287;-;-;3
2022-05-27 00:00:00;0.12;2022;5;27;288;2022 5 27;2022 6 2;4
2022-05-28 00:00:00;0.12;2022;5;28;288;-;-;4
2022-05-29 00:00:00;0.14;2022;5;29;288;-;-;4
2022-05-30 00:00:00;0.34;2022;5;30;288;-;-;4
2022-05-31 00:00:00;0.41;2022;5;31;288;-;-;4
2022-06-01 00:00:00;0.47;2022;6;1;288;-;-;4
2022-06-02 00:00:00;0.53;2022;6;2;288;-;-;4
2022-06-03 00:00:00;0.16;2022;6;3;289;2022 6 3;2022 6 9;1
2022-06-04 00:00:00;0.12;2022;6;4;289;-;-;1
2022-06-05 00:00:00;0.1;2022;6;5;289;-;-;1
2022-06-06 00:00:00;0.22;2022;6;6;289;-;-;1
2022-06-07 00:00:00;0.15;2022;6;7;289;-;-;1
2022-06-08 00:00:00;0.42;2022;6;8;289;-;-;1
2022-06-09 00:00:00;0.15;2022;6;9;289;-;-;1
2022-06-10 00:00:00;0.76;2022;6;10;290;2022 6 10;2022 6 16;2
2022-06-11 00:00:00;0.11;2022;6;11;290;-;-;2
2022-06-12 00:00:00;0.1;2022;6;12;290;-;-;2
2022-06-13 00:00:00;0.12;2022;6;13;290;-;-;2
2022-06-14 00:00:00;0.74;2022;6;14;290;-;-;2
2022-06-15 00:00:00;2.92;2022;6;15;290;-;-;2
2022-06-16 00:00:00;0.7;2022;6;16;290;-;-;2
2022-06-17 00:00:00;1.67;2022;6;17;291;2022 6 17;2022 6 23;3
2022-06-18 00:00:00;0.36;2022;6;18;291;-;-;3
2022-06-19 00:00:00;0.1;2022;6;19;291;-;-;3
2022-06-20 00:00:00;4.52;2022;6;20;291;-;-;3
2022-06-21 00:00:00;5.53;2022;6;21;291;-;-;3
2022-06-22 00:00:00;0.18;2022;6;22;291;-;-;3
2022-06-23 00:00:00;0.27;2022;6;23;291;-;-;3
2022-06-24 00:00:00;0.36;2022;6;24;292;2022 6 24;2022 6 30;4
2022-06-25 00:00:00;0.17;2022;6;25;292;-;-;4
2022-06-26 00:00:00;0.1;2022;6;26;292;-;-;4
2022-06-27 00:00:00;0.28;2022;6;27;292;-;-;4
2022-06-28 00:00:00;0.13;2022;6;28;292;-;-;4
2022-06-29 00:00:00;0.1;2022;6;29;292;-;-;4
2022-06-30 00:00:00;0.11;2022;6;30;292;-;-;4
2022-6-31 00:00:00;0.16;2022;6;31;293;2022 6 31;2022 7 6;1
2022-07-01 00:00:00;0.2;2022;7;1;293;-;-;1
2022-07-02 00:00:00;0.14;2022;7;2;293;-;-;1
2022-07-03 00:00:00;0.31;2022;7;3;293;-;-;1
2022-07-04 00:00:00;0.13;2022;7;4;293;-;-;1
2022-07-05 00:00:00;0.16;2022;7;5;293;-;-;1
2022-07-06 00:00:00;0.72;2022;7;6;293;-;-;1
2022-07-07 00:00:00;1.46;2022;7;7;294;2022 7 7;2022 7 13;2
2022-07-08 00:00:00;0.13;2022;7;8;294;-;-;2
2022-07-09 00:00:00;0.5;2022;7;9;294;-;-;2
2022-07-10 00:00:00;1.81;2022;7;10;294;-;-;2
2022-07-11 00:00:00;2.16;2022;7;11;294;-;-;2
2022-07-12 00:00:00;2.21;2022;7;12;294;-;-;2
2022-07-13 00:00:00;3.56;2022;7;13;294;-;-;2
2022-07-14 00:00:00;2.8;2022;7;14;295;2022 7 14;2022 7 20;3
2022-07-15 00:00:00;0.46;2022;7;15;295;-;-;3
2022-07-16 00:00:00;0.57;2022;7;16;295;-;-;3
2022-07-17 00:00:00;0.5;2022;7;17;295;-;-;3
2022-07-18 00:00:00;0.33;2022;7;18;295;-;-;3
2022-07-19 00:00:00;0.16;2022;7;19;295;-;-;3
2022-07-20 00:00:00;0.22;2022;7;20;295;-;-;3
2022-07-21 00:00:00;0.2;2022;7;21;296;2022 7 21;2022 7 27;4
2022-07-22 00:00:00;0.15;2022;7;22;296;-;-;4
2022-07-23 00:00:00;0.14;2022;7;23;296;-;-;4
2022-07-24 00:00:00;0.25;2022;7;24;296;-;-;4
2022-07-25 00:00:00;0.17;2022;7;25;296;-;-;4
2022-07-26 00:00:00;0.14;2022;7;26;296;-;-;4
2022-07-27 00:00:00;0.26;2022;7;27;296;-;-;4
2022-07-28 00:00:00;0.22;2022;7;28;297;2022 7 28;-;1
2022-07-29 00:00:00;0.24;2022;7;29;297;-;-;1
2022-07-30 00:00:00;0.17;2022;7;30;297;-;-;1
2022-07-31 00:00:00;0.2;2022;7;31;297;-;-;1
