date,MXIL
2017-01-01,2.51
2017-01-02,4.67
2017-01-03,1.94
2017-01-04,6.53
2017-01-05,3.41
2017-01-06,1.19
2017-01-07,1.31
2017-01-08,2.65
2017-01-09,6.22
2017-01-10,0.95
2017-01-11,0.88
2017-01-12,0.29
2017-01-13,0.32
2017-01-14,0.29
2017-01-15,0.26
2017-01-16,0.28
2017-01-17,0.56
2017-01-18,0.47
2017-01-19,0.54
2017-01-20,1.98
2017-01-21,2.09
2017-01-22,0.33
2017-01-23,1.39
2017-01-24,2.69
2017-01-25,3.2
2017-01-26,2.54
2017-01-27,2.06
2017-01-28,1.42
2017-01-29,2.08
2017-01-30,2.31
2017-01-31,1.0
2017-02-01,2.24
2017-02-02,0.35
2017-02-03,0.83
2017-02-04,0.76
2017-02-05,0.34
2017-02-06,2.64
2017-02-07,0.68
2017-02-08,0.63
2017-02-09,1.57
2017-02-10,0.91
2017-02-11,1.06
2017-02-12,1.1
2017-02-13,1.61
2017-02-14,2.68
2017-02-15,3.91
2017-02-16,3.08
2017-02-17,2.65
2017-02-18,1.87
2017-02-19,0.67
2017-02-20,1.05
2017-02-21,1.1
2017-02-22,0.69
2017-02-23,0.95
2017-02-24,0.42
2017-02-25,0.86
2017-02-26,0.26
2017-02-27,0.55
2017-02-28,0.62
2017-03-01,1.53
2017-03-02,0.8
2017-03-03,0.92
2017-03-04,0.26
2017-03-05,0.76
2017-03-06,0.18
2017-03-07,1.15
2017-03-08,0.87
2017-03-09,1.86
2017-03-10,2.56
2017-03-11,1.01
2017-03-12,0.13
2017-03-13,0.32
2017-03-14,0.18
2017-03-15,0.38
2017-03-16,1.04
2017-03-17,0.31
2017-03-18,0.12
2017-03-19,0.21
2017-03-20,0.6
2017-03-21,0.28
2017-03-22,0.23
2017-03-23,0.23
2017-03-24,0.37
2017-03-25,0.66
2017-03-26,0.48
2017-03-27,0.38
2017-03-28,1.19
2017-03-29,1.38
2017-03-30,1.82
2017-03-31,0.55
2017-04-01,0.15
2017-04-02,0.12
2017-04-03,0.72
2017-04-04,0.43
2017-04-05,0.2
2017-04-06,0.31
2017-04-07,0.35
2017-04-08,0.51
2017-04-09,0.31
2017-04-10,0.25
2017-04-11,0.21
2017-04-12,0.25
2017-04-13,0.2
2017-04-14,0.45
2017-04-15,0.2
2017-04-16,0.24
2017-04-17,0.22
2017-04-18,0.2
2017-04-19,0.21
2017-04-20,0.25
2017-04-21,0.49
2017-04-22,0.42
2017-04-23,0.21
2017-04-24,0.42
2017-04-25,0.2
2017-04-26,0.2
2017-04-27,0.21
2017-04-28,0.27
2017-04-29,0.25
2017-04-30,0.23
2017-05-01,0.36
2017-05-02,0.36
2017-05-03,0.2
2017-05-04,0.28
2017-05-05,0.35
2017-05-06,0.26
2017-05-07,0.21
2017-05-08,0.25
2017-05-09,0.23
2017-05-10,0.38
2017-05-11,0.27
2017-05-12,0.26
2017-05-13,0.28
2017-05-14,0.23
2017-05-15,0.47
2017-05-16,0.41
2017-05-17,0.66
2017-05-18,0.27
2017-05-19,0.61
2017-05-20,0.26
2017-05-21,0.37
2017-05-22,0.37
2017-05-23,0.47
2017-05-24,0.38
2017-05-25,1.26
2017-05-26,0.84
2017-05-27,0.38
2017-05-28,0.21
2017-05-29,0.27
2017-05-30,0.36
2017-05-31,0.33
2017-06-01,1.5
2017-06-02,0.24
2017-06-03,0.22
2017-06-04,0.23
2017-06-05,0.33
2017-06-06,0.2
2017-06-07,0.34
2017-06-08,0.29
2017-06-09,0.3
2017-06-10,0.25
2017-06-11,0.2
2017-06-12,0.24
2017-06-13,0.27
2017-06-14,0.27
2017-06-15,0.22
2017-06-16,0.2
2017-06-17,0.2
2017-06-18,0.23
2017-06-19,0.46
2017-06-20,0.41
2017-06-21,0.45
2017-06-22,0.33
2017-06-23,0.28
2017-06-24,0.25
2017-06-25,0.25
2017-06-26,0.3
2017-06-27,0.31
2017-06-28,0.27
2017-06-29,0.26
2017-06-30,0.29
2017-07-01,0.26
2017-07-02,0.25
2017-07-03,0.25
2017-07-04,0.29
2017-07-05,0.28
2017-07-06,0.35
2017-07-07,0.33
2017-07-08,0.25
2017-07-09,0.25
2017-07-10,0.25
2017-07-11,0.25
2017-07-12,0.34
2017-07-13,0.3
2017-07-14,0.26
2017-07-15,0.25
2017-07-16,0.25
2017-07-17,0.26
2017-07-18,0.34
2017-07-19,0.31
2017-07-20,0.27
2017-07-21,0.29
2017-07-22,0.25
2017-07-23,0.25
2017-07-24,0.25
2017-07-25,0.25
2017-07-26,0.32
2017-07-27,0.35
2017-07-28,0.32
2017-07-29,0.25
2017-07-30,0.25
2017-07-31,0.26
2017-08-01,0.28
2017-08-02,0.37
2017-08-03,0.27
2017-08-04,0.28
2017-08-05,0.25
2017-08-06,0.25
2017-08-07,0.27
2017-08-08,0.26
2017-08-09,0.3
2017-08-10,0.5
2017-08-11,0.29
2017-08-12,0.48
2017-08-13,0.26
2017-08-14,0.25
2017-08-15,0.25
2017-08-16,0.31
2017-08-17,0.28
2017-08-18,0.25
2017-08-19,0.25
2017-08-20,0.25
2017-08-21,0.55
2017-08-22,0.56
2017-08-23,0.27
2017-08-24,0.27
2017-08-25,0.35
2017-08-26,0.31
2017-08-27,0.37
2017-08-28,0.39
2017-08-29,0.26
2017-08-30,0.27
2017-08-31,0.55
2017-09-01,0.35
2017-09-02,0.28
2017-09-03,0.32
2017-09-04,0.26
2017-09-05,0.33
2017-09-06,0.28
2017-09-07,0.28
2017-09-08,0.25
2017-09-09,0.26
2017-09-10,0.29
2017-09-11,0.27
2017-09-12,0.28
2017-09-13,0.37
2017-09-14,0.26
2017-09-15,0.29
2017-09-16,0.38
2017-09-17,0.26
2017-09-18,0.36
2017-09-19,0.28
2017-09-20,0.65
2017-09-21,0.42
2017-09-22,0.25
2017-09-23,0.37
2017-09-24,0.26
2017-09-25,0.27
2017-09-26,0.42
2017-09-27,0.74
2017-09-28,0.75
2017-09-29,0.47
2017-09-30,0.32
2017-10-01,0.26
2017-10-02,0.31
2017-10-03,0.28
2017-10-04,0.26
2017-10-05,0.29
2017-10-06,0.26
2017-10-07,0.29
2017-10-08,0.3
2017-10-09,0.38
2017-10-10,0.64
2017-10-11,0.62
2017-10-12,0.7
2017-10-13,0.43
2017-10-14,0.7
2017-10-15,2.63
2017-10-16,0.66
2017-10-17,0.36
2017-10-18,1.11
2017-10-19,0.63
2017-10-20,1.27
2017-10-21,0.27
2017-10-22,0.3
2017-10-23,0.5
2017-10-24,1.6
2017-10-25,1.64
2017-10-26,1.24
2017-10-27,0.71
2017-10-28,0.25
2017-10-29,0.25
2017-10-30,0.25
2017-10-31,0.58
2017-11-01,1.61
2017-11-02,1.09
2017-11-03,0.66
2017-11-04,0.5
2017-11-05,0.34
2017-11-06,0.45
2017-11-07,0.38
2017-11-08,0.35
2017-11-09,0.43
2017-11-10,0.47
2017-11-11,0.29
2017-11-12,0.31
2017-11-13,0.5
2017-11-14,0.35
2017-11-15,0.31
2017-11-16,1.14
2017-11-17,0.45
2017-11-18,0.59
2017-11-19,0.73
2017-11-20,0.93
2017-11-21,0.58
2017-11-22,0.25
2017-11-23,1.87
2017-11-24,0.45
2017-11-25,0.26
2017-11-26,0.39
2017-11-27,0.74
2017-11-28,0.56
2017-11-29,0.56
2017-11-30,0.37
2017-12-01,0.36
2017-12-02,0.27
2017-12-03,0.39
2017-12-04,0.87
2017-12-05,1.14
2017-12-06,1.31
2017-12-07,1.2
2017-12-08,0.26
2017-12-09,0.33
2017-12-10,0.27
2017-12-11,0.26
2017-12-12,0.43
2017-12-13,0.86
2017-12-14,0.37
2017-12-15,0.28
2017-12-16,0.32
2017-12-17,0.5
2017-12-18,0.49
2017-12-19,0.77
2017-12-20,0.89
2017-12-21,1.33
2017-12-22,1.1
2017-12-23,0.81
2017-12-24,0.88
2017-12-25,0.36
2017-12-26,1.01
2017-12-27,0.31
2017-12-28,0.82
2017-12-29,1.71
2017-12-30,2.69
2017-12-31,0.41
2018-01-01,0.46
2018-01-02,0.32
2018-01-03,0.26
2018-01-04,0.63
2018-01-05,0.28
2018-01-06,0.26
2018-01-07,0.39
2018-01-08,0.67
2018-01-09,0.61
2018-01-10,0.79
2018-01-11,0.3
2018-01-12,9.52
2018-01-13,2.61
2018-01-14,0.98
2018-01-15,0.61
2018-01-16,0.4
2018-01-17,0.66
2018-01-18,11.57
2018-01-19,6.61
2018-01-20,6.7
2018-01-21,6.8
2018-01-22,1.68
2018-01-23,2.26
2018-01-24,2.26
2018-01-25,2.85
2018-01-26,0.33
2018-01-27,0.46
2018-01-28,1.14
2018-01-29,1.72
2018-01-30,1.05
2018-01-31,0.38
2018-02-01,0.73
2018-02-02,1.07
2018-02-03,0.4
2018-02-04,0.31
2018-02-05,0.6
2018-02-06,0.72
2018-02-07,0.46
2018-02-08,1.25
2018-02-09,0.96
2018-02-10,0.88
2018-02-11,0.61
2018-02-12,2.36
2018-02-13,1.1
2018-02-14,8.22
2018-02-15,7.15
2018-02-16,2.66
2018-02-17,1.08
2018-02-18,1.07
2018-02-19,0.6
2018-02-20,0.51
2018-02-21,0.61
2018-02-22,0.93
2018-02-23,1.87
2018-02-24,1.21
2018-02-25,1.25
2018-02-26,0.72
2018-02-27,0.21
2018-02-28,0.59
2018-03-01,0.21
2018-03-02,0.21
2018-03-03,0.36
2018-03-04,0.36
2018-03-05,0.51
2018-03-06,0.51
2018-03-07,1.08
2018-03-08,2.51
2018-03-09,1.18
2018-03-10,1.08
2018-03-11,0.24
2018-03-12,0.25
2018-03-13,1.52
2018-03-14,1.45
2018-03-15,1.08
2018-03-16,0.87
2018-03-17,0.32
2018-03-18,0.26
2018-03-19,0.37
2018-03-20,0.53
2018-03-21,0.72
2018-03-22,1.13
2018-03-23,1.0
2018-03-24,0.22
2018-03-25,0.4
2018-03-26,0.98
2018-03-27,0.49
2018-03-28,0.46
2018-03-29,0.23
2018-03-30,0.21
2018-03-31,0.28
2018-04-01,1.04
2018-04-02,1.66
2018-04-03,0.5
2018-04-04,0.9
2018-04-05,1.05
2018-04-06,1.61
2018-04-07,0.31
2018-04-08,0.34
2018-04-09,0.69
2018-04-10,1.03
2018-04-11,1.2
2018-04-12,2.9
2018-04-13,1.46
2018-04-14,1.12
2018-04-15,1.05
2018-04-16,1.39
2018-04-17,2.02
2018-04-18,2.94
2018-04-19,1.76
2018-04-20,1.12
2018-04-21,2.31
2018-04-22,1.42
2018-04-23,0.91
2018-04-24,0.9
2018-04-25,1.09
2018-04-26,0.94
2018-04-27,1.0
2018-04-28,0.89
2018-04-29,0.87
2018-04-30,1.15
2018-05-01,0.86
2018-05-02,1.05
2018-05-03,1.0
2018-05-04,0.97
2018-05-05,0.97
2018-05-06,1.03
2018-05-07,1.67
2018-05-08,0.91
2018-05-09,1.51
2018-05-10,0.91
2018-05-11,1.35
2018-05-12,1.05
2018-05-13,0.92
2018-05-14,0.94
2018-05-15,1.11
2018-05-16,1.07
2018-05-17,0.91
2018-05-18,0.99
2018-05-19,0.87
2018-05-20,0.88
2018-05-21,1.01
2018-05-22,1.24
2018-05-23,1.6
2018-05-24,1.31
2018-05-25,1.45
2018-05-26,0.88
2018-05-27,0.91
2018-05-28,0.94
2018-05-29,1.03
2018-05-30,1.38
2018-05-31,0.9
2018-06-01,0.97
2018-06-02,0.98
2018-06-03,0.88
2018-06-04,1.32
2018-06-05,1.01
2018-06-06,1.05
2018-06-07,0.95
2018-06-08,0.96
2018-06-09,0.9
2018-06-10,1.01
2018-06-11,1.17
2018-06-12,0.88
2018-06-13,0.99
2018-06-14,0.99
2018-06-15,1.11
2018-06-16,0.86
2018-06-17,0.87
2018-06-18,0.94
2018-06-19,0.87
2018-06-20,0.95
2018-06-21,0.97
2018-06-22,0.88
2018-06-23,0.87
2018-06-24,0.96
2018-06-25,1.13
2018-06-26,0.89
2018-06-27,0.86
2018-06-28,0.94
2018-06-29,0.92
2018-06-30,0.99
2018-07-01,0.92
2018-07-02,1.17
2018-07-03,0.93
2018-07-04,1.12
2018-07-05,1.37
2018-07-06,0.89
2018-07-07,0.87
2018-07-08,0.86
2018-07-09,0.89
2018-07-10,0.95
2018-07-11,1.06
2018-07-12,0.95
2018-07-13,0.88
2018-07-14,0.85
2018-07-15,0.87
2018-07-16,0.85
2018-07-17,0.99
2018-07-18,0.99
2018-07-19,0.9
2018-07-20,0.9
2018-07-21,0.9
2018-07-22,0.85
2018-07-23,0.87
2018-07-24,0.97
2018-07-25,1.4
2018-07-26,1.41
2018-07-27,1.4
2018-07-28,1.84
2018-07-29,1.07
2018-07-30,1.94
2018-07-31,1.11
2018-08-01,1.3
2018-08-02,2.63
2018-08-03,5.32
2018-08-04,1.01
2018-08-05,0.9
2018-08-06,2.9
2018-08-07,0.56
2018-08-08,1.24
2018-08-09,1.27
2018-08-10,2.07
2018-08-11,0.5
2018-08-12,0.49
2018-08-13,0.18
2018-08-14,0.25
2018-08-15,0.14
2018-08-16,0.3
2018-08-17,0.2
2018-08-18,0.3
2018-08-19,0.28
2018-08-20,0.53
2018-08-21,0.41
2018-08-22,0.46
2018-08-23,0.33
2018-08-24,0.34
2018-08-25,0.13
2018-08-26,0.25
2018-08-27,1.01
2018-08-28,0.44
2018-08-29,0.32
2018-08-30,0.52
2018-08-31,0.66
2018-09-01,0.44
2018-09-02,0.36
2018-09-03,0.55
2018-09-04,2.06
2018-09-05,0.68
2018-09-06,1.09
2018-09-07,0.74
2018-09-08,0.8
2018-09-09,0.21
2018-09-10,0.69
2018-09-11,1.44
2018-09-12,1.04
2018-09-13,1.35
2018-09-14,0.58
2018-09-15,0.5
2018-09-16,0.37
2018-09-17,1.26
2018-09-18,1.23
2018-09-19,0.86
2018-09-20,1.08
2018-09-21,0.85
2018-09-22,0.47
2018-09-23,0.22
2018-09-24,0.23
2018-09-25,0.52
2018-09-26,1.8
2018-09-27,1.15
2018-09-28,0.54
2018-09-29,0.34
2018-09-30,0.23
2018-10-01,0.27
2018-10-02,1.54
2018-10-03,2.13
2018-10-04,3.51
2018-10-05,2.38
2018-10-06,0.91
2018-10-07,0.69
2018-10-08,1.23
2018-10-09,2.48
2018-10-10,5.68
2018-10-11,4.81
2018-10-12,1.42
2018-10-13,2.01
2018-10-14,0.82
2018-10-15,2.12
2018-10-16,2.91
2018-10-17,2.67
2018-10-18,1.83
2018-10-19,2.39
2018-10-20,1.45
2018-10-21,0.82
2018-10-22,0.63
2018-10-23,1.93
2018-10-24,3.1
2018-10-25,3.73
2018-10-26,2.86
2018-10-27,0.59
2018-10-28,0.68
2018-10-29,1.5
2018-10-30,3.41
2018-10-31,1.89
2018-11-01,1.41
2018-11-02,1.43
2018-11-03,1.13
2018-11-04,1.07
2018-11-05,0.99
2018-11-06,1.59
2018-11-07,1.73
2018-11-08,3.47
2018-11-09,1.52
2018-11-10,3.22
2018-11-11,3.61
2018-11-12,3.06
2018-11-13,4.68
2018-11-14,8.2
2018-11-15,10.66
2018-11-16,9.44
2018-11-17,8.19
2018-11-18,3.43
2018-11-19,2.25
2018-11-20,0.95
2018-11-21,4.66
2018-11-22,3.78
2018-11-23,4.97
2018-11-24,2.71
2018-11-25,1.31
2018-11-26,4.32
2018-11-27,6.43
2018-11-28,11.9
2018-11-29,7.83
2018-11-30,8.16
2018-12-01,7.49
2018-12-02,9.39
2018-12-03,10.82
2018-12-04,5.28
2018-12-05,7.46
2018-12-06,6.69
2018-12-07,5.42
2018-12-08,5.42
2018-12-09,2.76
2018-12-10,6.43
2018-12-11,9.8
2018-12-12,4.84
2018-12-13,1.56
2018-12-14,2.99
2018-12-15,4.37
2018-12-16,1.49
2018-12-17,7.64
2018-12-18,4.37
2018-12-19,4.31
2018-12-20,9.77
2018-12-21,19.77
2018-12-22,10.6
2018-12-23,6.62
2018-12-24,10.89
2018-12-25,6.86
2018-12-26,11.11
2018-12-27,9.13
2018-12-28,8.31
2018-12-29,5.04
2018-12-30,3.42
2018-12-31,4.2808
2019-01-01,1.9229
2019-01-02,0.9325
2019-01-03,4.9666
2019-01-04,5.3475
2019-01-05,5.2195
2019-01-06,4.5154
2019-01-07,4.0362
2019-01-08,5.4658
2019-01-09,4.1633
2019-01-10,3.815
2019-01-11,4.7775
2019-01-12,4.29
2019-01-13,3.1283
2019-01-14,3.4658
2019-01-15,6.0975
2019-01-16,3.6287
2019-01-17,2.3238
2019-01-18,3.6087
2019-01-19,2.6554
2019-01-20,0.9462
2019-01-21,2.1712
2019-01-22,1.5773
2019-01-23,0.7037
2019-01-24,0.8829
2019-01-25,4.1425
2019-01-26,3.6858
2019-01-27,0.5537
2019-01-28,1.2041
2019-01-29,1.6408
2019-01-30,3.775
2019-01-31,3.2462
2019-02-01,1.0645
2019-02-02,0.7241
2019-02-03,1.5858
2019-02-04,7.3875
2019-02-05,6.337
2019-02-06,4.4975
2019-02-07,2.8483
2019-02-08,7.9666
2019-02-09,5.7308
2019-02-10,1.4129
2019-02-11,2.2708
2019-02-12,4.1231
2019-02-13,6.6045
2019-02-14,13.126
2019-02-15,11.452
2019-02-16,7.8033
2019-02-17,3.9016
2019-02-18,1.3708
2019-02-19,2.3954
2019-02-20,4.372
2019-02-21,4.0462
2019-02-22,5.8316
2019-02-23,4.1837
2019-02-24,1.4345
2019-02-25,4.9379
2019-02-26,2.907
2019-02-27,2.832
2019-02-28,2.29
2019-03-01,0.337
2019-03-02,0.2416
2019-03-03,0.1208
2019-03-04,0.12
2019-03-05,0.76
2019-03-06,0.7
2019-03-07,0.76
2019-03-08,1.4
2019-03-09,1.4025
2019-03-10,0.1166
2019-03-11,0.9804
2019-03-12,1.8304
2019-03-13,0.3387
2019-03-14,0.3466
2019-03-15,1.4525
2019-03-16,1.8262
2019-03-17,0.2245
2019-03-18,0.3754
2019-03-19,0.9454
2019-03-20,1.1195
2019-03-21,0.9054
2019-03-22,2.292
2019-03-23,1.4679
2019-03-24,0.8866
2019-03-25,0.2158
2019-03-26,1.0772
2019-03-27,0.7825
2019-03-28,0.9145
2019-03-29,1.3675
2019-03-30,1.7575
2019-03-31,0.722
2019-04-01,1.7066
2019-04-02,1.1145
2019-04-03,0.1562
2019-04-04,1.0216
2019-04-05,0.6991
2019-04-06,0.6962
2019-04-07,0.247
2019-04-08,0.615
2019-04-09,1.8945
2019-04-10,0.2617
2019-04-11,0.7902
2019-04-12,1.3187
2019-04-13,2.177
2019-04-14,2.3904
2019-04-15,2.1419
2019-04-16,2.1419
2019-04-17,1.8933
2019-04-18,0.452
2019-04-19,1.0016
2019-04-20,1.5279
2019-04-21,0.7129
2019-04-22,0.5845
2019-04-23,0.2404
2019-04-24,0.8483
2019-04-25,0.597
2019-04-26,0.2991
2019-04-27,0.9033
2019-04-28,0.1741
2019-04-29,0.9166
2019-04-30,0.9887
2019-05-01,0.8545
2019-05-02,0.9658
2019-05-03,0.5295
2019-05-04,0.6858
2019-05-05,0.0795
2019-05-06,0.617
2019-05-07,2.2013
2019-05-08,0.5104
2019-05-09,1.52
2019-05-10,2.1608
2019-05-11,0.2583
2019-05-12,0.2054
2019-05-13,0.4658
2019-05-14,1.3933
2019-05-15,1.9958
2019-05-16,0.4679
2019-05-17,0.6195
2019-05-18,0.5645
2019-05-19,0.3945
2019-05-20,1.132
2019-05-21,1.1716
2019-05-22,1.2112
2019-05-23,0.48
2019-05-24,0.7616
2019-05-25,0.2587
2019-05-26,0.252
2019-05-27,0.3583
2019-05-28,0.4429
2019-05-29,0.9195
2019-05-30,0.6812
2019-05-31,1.082
2019-06-01,1.482
2019-06-02,0.9045
2019-06-03,0.712
2019-06-04,0.762
2019-06-05,0.3847
2019-06-06,0.5516
2019-06-07,0.2804
2019-06-08,0.5775
2019-06-09,0.3045
2019-06-10,0.4708
2019-06-11,0.2587
2019-06-12,0.4266
2019-06-13,1.0041
2019-06-14,1.2512
2019-06-15,0.6566
2019-06-16,0.4008
2019-06-17,0.6266
2019-06-18,1.1573
2019-06-19,0.8491
2019-06-20,0.4187
2019-06-21,0.2366
2019-06-22,0.61
2019-06-23,0.3345
2019-06-24,0.9441
2019-06-25,1.0862
2019-06-26,0.435
2019-06-27,0.6262
2019-06-28,0.3887
2019-06-29,0.355
2019-06-30,0.2645
2019-07-01,0.6343
2019-07-02,0.6343
2019-07-03,1.0004
2019-07-04,1.2116
2019-07-05,0.2204
2019-07-06,0.255
2019-07-07,0.2079
2019-07-08,0.3175
2019-07-09,0.5933
2019-07-10,0.9587
2019-07-11,1.3679
2019-07-12,0.512
2019-07-13,0.2154
2019-07-14,0.2766
2019-07-15,0.5008
2019-07-16,0.8804
2019-07-17,0.7329
2019-07-18,0.8113
2019-07-19,1.2116
2019-07-20,0.4504
2019-07-21,0.2637
2019-07-22,1.7441
2019-07-23,0.8483
2019-07-24,2.2004
2019-07-25,2.2891
2019-07-26,0.7116
2019-07-27,0.48
2019-07-28,0.4266
2019-07-29,0.6712
2019-07-30,0.6631
2019-07-31,0.7516
2019-08-01,1.4916
2019-08-02,1.2054
2019-08-03,1.1725
2019-08-04,0.7804
2019-08-05,2.49
2019-08-06,0.7037
2019-08-07,0.985
2019-08-08,3.1045
2019-08-09,2.2866
2019-08-10,2.28
2019-08-11,1.455
2019-08-12,1.46
2019-08-13,0.6304
2019-08-14,0.725
2019-08-15,0.57
2019-08-16,0.58
2019-08-17,0.57
2019-08-18,0.4333
2019-08-19,0.2958
2019-08-20,0.2604
2019-08-21,0.6037
2019-08-22,0.6579
2019-08-23,2.1683
2019-08-24,0.7012
2019-08-25,0.1995
2019-08-26,0.475
2019-08-27,0.5354
2019-08-28,0.4395
2019-08-29,0.5229
2019-08-30,0.627
2019-08-31,0.3554
2019-09-01,0.2079
2019-09-02,0.212
2019-09-03,0.9745
2019-09-04,1.0725
2019-09-05,0.3508
2019-09-06,0.65
2019-09-07,0.8095
2019-09-08,0.7391
2019-09-09,0.2504
2019-09-10,0.3618
2019-09-11,0.4508
2019-09-12,1.1425
2019-09-13,0.6308
2019-09-14,0.59
2019-09-15,0.2483
2019-09-16,0.9466
2019-09-17,1.7512
2019-09-18,1.0333
2019-09-19,0.4466
2019-09-20,2.3562
2019-09-21,0.5095
2019-09-22,0.577
2019-09-23,1.41
2019-09-24,1.0829
2019-09-25,1.8631
2019-09-26,1.672
2019-09-27,0.7925
2019-09-28,0.6079
2019-09-29,0.6704
2019-09-30,1.0133
2019-10-01,0.35
2019-10-02,0.437
2019-10-03,0.992
2019-10-04,0.475
2019-10-05,0.7275
2019-10-06,0.802
2019-10-07,1.8566
2019-10-08,1.8027
2019-10-09,1.8027
2019-10-10,1.7487
2019-10-11,3.0362
2019-10-12,0.9525
2019-10-13,0.5225
2019-10-14,0.4854
2019-10-15,1.5483
2019-10-16,1.7758
2019-10-17,1.5758
2019-10-18,1.63
2019-10-19,0.4945
2019-10-20,0.435
2019-10-21,1.305
2019-10-22,1.5873
2019-10-23,0.9091
2019-10-24,2.6441
2019-10-25,3.4162
2019-10-26,4.6733
2019-10-27,2.4637
2019-10-28,4.2291
2019-10-29,5.317
2019-10-30,4.5637
2019-10-31,2.9291
2019-11-01,2.4891
2019-11-02,0.5362
2019-11-03,0.5895
2019-11-04,1.2558
2019-11-05,0.5454
2019-11-06,1.3616
2019-11-07,0.7
2019-11-08,0.8358
2019-11-09,0.4787
2019-11-10,0.5291
2019-11-11,0.8858
2019-11-12,1.1279
2019-11-13,0.7766
2019-11-14,0.5
2019-11-15,0.6104
2019-11-16,0.6654
2019-11-17,0.8729
2019-11-18,1.2166
2019-11-19,3.83
2019-11-20,4.118
2019-11-21,4.4062
2019-11-22,1.0729
2019-11-23,0.6095
2019-11-24,2.1379
2019-11-25,3.9416
2019-11-26,2.0545
2019-11-27,2.545
2019-11-28,2.545
2019-11-29,3.035
2019-11-30,1.547
2019-12-01,0.8787
2019-12-02,1.3666
2019-12-03,3.062
2019-12-04,8.6016
2019-12-05,6.4034
2019-12-06,6.6658
2019-12-07,3.5845
2019-12-08,1.117
2019-12-09,1.6604
2019-12-10,5.9575
2019-12-11,1.5583
2019-12-12,0.6683
2019-12-13,0.3983
2019-12-14,5.1404
2019-12-15,0.5383
2019-12-16,0.5591
2019-12-17,1.95
2019-12-18,1.2691
2019-12-19,1.6479
2019-12-20,2.5433
2019-12-21,1.5637
2019-12-22,0.4045
2019-12-23,5.0541
2019-12-24,4.987
2019-12-25,5.8395
2019-12-26,3.5308
2019-12-27,5.1812
2019-12-28,8.275
2019-12-29,7.4787
2019-12-30,10.635
2019-12-31,7.17
2020-01-01,2.5
2020-01-02,4.94
2020-01-03,9.57
2020-01-04,2.2
2020-01-05,3.04
2020-01-06,2.98
2020-01-07,7.3
2020-01-08,9.38
2020-01-09,4.63
2020-01-10,2.34
2020-01-11,5.0
2020-01-12,4.58
2020-01-13,8.01
2020-01-14,1.63
2020-01-15,1.91
2020-01-16,2.18
2020-01-17,0.98
2020-01-18,2.12
2020-01-19,0.26
2020-01-20,0.6
2020-01-21,1.43
2020-01-22,4.87
2020-01-23,2.91
2020-01-24,4.11
2020-01-25,3.05
2020-01-26,3.3
2020-01-27,2.29
2020-01-28,1.89
2020-01-29,5.42
2020-01-30,6.59
2020-01-31,7.59
2020-02-01,5.59
2020-02-02,6.93
2020-02-03,7.4
2020-02-04,1.91
2020-02-05,0.84
2020-02-06,6.55
2020-02-07,5.08
2020-02-08,1.97
2020-02-09,3.21
2020-02-10,3.55
2020-02-11,2.0
2020-02-12,1.71
2020-02-13,11.73
2020-02-14,3.36
2020-02-15,3.38
2020-02-16,6.03
2020-02-17,0.7
2020-02-18,7.01
2020-02-19,2.92
2020-02-20,2.42
2020-02-21,2.45
2020-02-22,1.65
2020-02-23,0.81
2020-02-24,11.01
2020-02-25,1.01
2020-02-26,0.69
2020-02-27,1.09
2020-02-28,2.92
2020-02-29,0.31
2020-03-01,0.58
2020-03-02,0.63
2020-03-03,0.53
2020-03-04,2.37
2020-03-05,1.07
2020-03-06,0.68
2020-03-07,0.95
2020-03-08,1.19
2020-03-09,1.11
2020-03-10,2.09
2020-03-11,1.82
2020-03-12,0.53
2020-03-13,0.45
2020-03-14,0.72
2020-03-15,0.75
2020-03-16,0.35
2020-03-17,0.61
2020-03-18,1.54
2020-03-19,1.32
2020-03-20,1.5
2020-03-21,0.69
2020-03-22,0.21
2020-03-23,0.22
2020-03-24,0.66
2020-03-25,0.93
2020-03-26,0.44
2020-03-27,0.2
2020-03-28,0.74
2020-03-29,0.28
2020-03-30,0.18
2020-03-31,0.17
2020-04-01,0.21
2020-04-02,0.19
2020-04-03,0.24
2020-04-04,0.6
2020-04-05,0.18
2020-04-06,0.18
2020-04-07,0.21
2020-04-08,0.15
2020-04-09,0.14
2020-04-10,0.09
2020-04-11,0.08
2020-04-12,0.07
2020-04-13,0.26
2020-04-14,1.0
2020-04-15,0.75
2020-04-16,0.71
2020-04-17,0.4
2020-04-18,0.74
2020-04-19,0.07
2020-04-20,0.25
2020-04-21,0.1
2020-04-22,0.53
2020-04-23,0.2
2020-04-24,0.29
2020-04-25,0.09
2020-04-26,0.07
2020-04-27,0.16
2020-04-28,0.46
2020-04-29,0.71
2020-04-30,0.24
2020-05-01,0.1
2020-05-02,0.25
2020-05-03,0.28
2020-05-04,2.98
2020-05-05,0.42
2020-05-06,0.93
2020-05-07,0.41
2020-05-08,0.53
2020-05-09,0.1
2020-05-10,0.1
2020-05-11,0.81
2020-05-12,0.09
2020-05-13,0.09
2020-05-14,0.12
2020-05-15,0.27
2020-05-16,0.45
2020-05-17,0.45
2020-05-18,0.63
2020-05-19,0.99
2020-05-20,2.32
2020-05-21,0.38
2020-05-22,0.25
2020-05-23,0.38
2020-05-24,0.07
2020-05-25,0.16
2020-05-26,0.41
2020-05-27,0.68
2020-05-28,1.44
2020-05-29,1.23
2020-05-30,0.86
2020-05-31,0.49
2020-06-01,3.94
2020-06-02,0.53
2020-06-03,0.24
2020-06-04,0.11
2020-06-05,0.29
2020-06-06,0.33
2020-06-07,0.34
2020-06-08,0.33
2020-06-09,0.38
2020-06-10,0.13
2020-06-11,0.58
2020-06-12,0.14
2020-06-13,0.13
2020-06-14,0.41
2020-06-15,0.25
2020-06-16,0.1
2020-06-17,0.23
2020-06-18,0.29
2020-06-19,0.34
2020-06-20,0.3
2020-06-21,0.24
2020-06-22,0.23
2020-06-23,1.09
2020-06-24,0.45
2020-06-25,0.36
2020-06-26,0.27
2020-06-27,0.45
2020-06-28,0.16
2020-06-29,0.18
2020-06-30,0.67
2020-07-01,0.14
2020-07-02,0.19
2020-07-03,0.39
2020-07-04,0.57
2020-07-05,0.39
2020-07-06,0.23
2020-07-07,0.08
2020-07-08,0.31
2020-07-09,0.31
2020-07-10,1.02
2020-07-11,0.07
2020-07-12,0.07
2020-07-13,0.16
2020-07-14,0.15
2020-07-15,0.15
2020-07-16,0.14
2020-07-17,0.08
2020-07-18,0.55
2020-07-19,0.33
2020-07-20,0.17
2020-07-21,0.3
2020-07-22,0.46
2020-07-23,0.5
2020-07-24,0.26
2020-07-25,0.23
2020-07-26,0.67
2020-07-27,0.87
2020-07-28,0.11
2020-07-29,0.44
2020-07-30,0.28
2020-07-31,0.67
2020-08-01,1.06
2020-08-02,0.26
2020-08-03,0.46
2020-08-04,0.15
2020-08-05,0.15
2020-08-06,0.22
2020-08-07,0.81
2020-08-08,0.28
2020-08-09,0.09
2020-08-10,0.12
2020-08-11,0.53
2020-08-12,0.44
2020-08-13,0.16
2020-08-14,0.23
2020-08-15,0.61
2020-08-16,0.14
2020-08-17,1.12
2020-08-18,0.76
2020-08-19,0.4
2020-08-20,0.13
2020-08-21,0.15
2020-08-22,0.14
2020-08-23,0.13
2020-08-24,0.16
2020-08-25,1.06
2020-08-26,0.26
2020-08-27,0.46
2020-08-28,0.15
2020-08-29,0.15
2020-08-30,0.22
2020-08-31,0.81
2020-09-01,0.85
2020-09-02,0.47
2020-09-03,2.84
2020-09-04,2.14
2020-09-05,0.1
2020-09-06,0.13
2020-09-07,0.29
2020-09-08,0.28
2020-09-09,0.29
2020-09-10,0.38
2020-09-11,0.26
2020-09-12,0.24
2020-09-13,0.83
2020-09-14,1.31
2020-09-15,0.77
2020-09-16,0.46
2020-09-17,1.43
2020-09-18,0.61
2020-09-19,0.73
2020-09-20,0.62
2020-09-21,1.12
2020-09-22,1.16
2020-09-23,0.98
2020-09-24,0.41
2020-09-25,0.2
2020-09-26,0.26
2020-09-27,0.14
2020-09-28,0.65
2020-09-29,2.75
2020-09-30,2.51
2020-10-01,2.51
2020-10-02,2.26
2020-10-03,1.08
2020-10-04,0.55
2020-10-05,1.35
2020-10-06,1.68
2020-10-07,0.7
2020-10-08,0.99
2020-10-09,0.83
2020-10-10,0.36
2020-10-11,0.22
2020-10-12,0.31
2020-10-13,0.14
2020-10-14,0.35
2020-10-15,1.04
2020-10-16,1.67
2020-10-17,1.83
2020-10-18,2.52
2020-10-19,1.64
2020-10-20,1.26
2020-10-21,1.48
2020-10-22,2.11
2020-10-23,2.52
2020-10-24,1.92
2020-10-25,0.4
2020-10-26,0.41
2020-10-27,1.88
2020-10-28,1.21
2020-10-29,2.14
2020-10-30,3.39
2020-10-31,6.05
2020-11-01,5.35
2020-11-02,1.25
2020-11-03,0.49
2020-11-04,1.04
2020-11-05,1.89
2020-11-06,2.37
2020-11-07,2.66
2020-11-08,0.97
2020-11-09,1.35
2020-11-10,5.14
2020-11-11,3.82
2020-11-12,3.21
2020-11-13,3.8
2020-11-14,2.14
2020-11-15,0.93
2020-11-16,1.21
2020-11-17,4.99
2020-11-18,7.39
2020-11-19,0.39
2020-11-20,3.45
2020-11-21,2.43
2020-11-22,3.33
2020-11-23,5.96
2020-11-24,15.98
2020-11-25,4.01
2020-11-26,5.25
2020-11-27,5.71
2020-11-28,3.82
2020-11-29,3.63
2020-11-30,2.56
2020-12-01,2.55
2020-12-02,1.45
2020-12-03,0.99
2020-12-04,0.32
2020-12-05,0.21
2020-12-06,0.53
2020-12-07,0.24
2020-12-08,0.25
2020-12-09,1.41
2020-12-10,1.32
2020-12-11,0.41
2020-12-12,0.61
2020-12-13,3.07
2020-12-14,0.91
2020-12-15,1.06
2020-12-16,1.66
2020-12-17,3.37
2020-12-18,2.63
2020-12-19,1.72
2020-12-20,1.64
2020-12-21,4.96
2020-12-22,2.8
2020-12-23,0.74
2020-12-24,0.5
2020-12-25,0.38
2020-12-26,0.85
2020-12-27,0.23
2020-12-28,0.22
2020-12-29,0.26
2020-12-30,0.58
2020-12-31,0.24
2021-01-01,0.16
2021-01-02,0.35
2021-01-03,0.14
2021-01-04,0.34
2021-01-05,1.18
2021-01-06,0.76
2021-01-07,1.35
2021-01-08,2.13
2021-01-09,2.08
2021-01-10,2.09
2021-01-11,2.08
2021-01-12,2.04
2021-01-13,3.74
2021-01-14,2.65
2021-01-15,3.13
2021-01-16,2.92
2021-01-17,3.29
2021-01-18,2.92
2021-01-19,2.22
2021-01-20,0.65
2021-01-21,0.76
2021-01-22,0.62
2021-01-23,0.25
2021-01-24,0.28
2021-01-25,0.75
2021-01-26,2.42
2021-01-27,3.23
2021-01-28,1.74
2021-01-29,1.73
2021-01-30,0.24
2021-01-31,0.15
2021-02-01,0.35
2021-02-02,1.1
2021-02-03,0.53
2021-02-04,1.16
2021-02-05,1.49
2021-02-06,0.26
2021-02-07,1.33
2021-02-08,0.93
2021-02-09,0.61
2021-02-10,0.4
2021-02-11,2.13
2021-02-12,0.88
2021-02-13,2.57
2021-02-14,1.14
2021-02-15,1.54
2021-02-16,1.18
2021-02-17,2.17
2021-02-18,0.77
2021-02-19,0.86
2021-02-20,0.1
2021-02-21,0.13
2021-02-22,1.06
2021-02-23,1.08
2021-02-24,1.6
2021-02-25,1.08
2021-02-26,1.19
2021-02-27,0.32
2021-02-28,0.9
2021-03-01,2.23
2021-03-02,3.39
2021-03-03,4.44
2021-03-04,4.38
2021-03-05,2.06
2021-03-06,0.14
2021-03-07,0.2
2021-03-08,0.67
2021-03-09,1.66
2021-03-10,6.8
2021-03-11,6.64
2021-03-12,1.9
2021-03-13,1.61
2021-03-14,0.24
2021-03-15,1.15
2021-03-16,1.6
2021-03-17,4.4
2021-03-18,3.29
2021-03-19,1.59
2021-03-20,0.33
2021-03-21,1.08
2021-03-22,3.77
2021-03-23,3.41
2021-03-24,0.96
2021-03-25,2.45
2021-03-26,0.97
2021-03-27,0.49
2021-03-28,1.63
2021-03-29,5.84
2021-03-30,4.74
2021-03-31,3.99
2021-04-01,3.96
2021-04-02,0.45
2021-04-03,0.23
2021-04-04,0.28
2021-04-05,0.52
2021-04-06,0.22
2021-04-07,0.24
2021-04-08,2.32
2021-04-09,3.13
2021-04-10,1.12
2021-04-11,0.22
2021-04-12,1.92
2021-04-13,1.39
2021-04-14,0.82
2021-04-15,0.69
2021-04-16,0.69
2021-04-17,0.78
2021-04-18,1.28
2021-04-19,1.62
2021-04-20,0.77
2021-04-21,0.41
2021-04-22,1.12
2021-04-23,3.41
2021-04-24,0.55
2021-04-25,0.37
2021-04-26,0.37
2021-04-27,0.23
2021-04-28,0.36
2021-04-29,0.42
2021-04-30,0.91
2021-05-01,1.37
2021-05-02,1.4
2021-05-03,1.37
2021-05-04,1.83
2021-05-05,1.64
2021-05-06,1.34
2021-05-07,0.85
2021-05-08,1.63
2021-05-09,0.73
2021-05-10,1.15
2021-05-11,1.49
2021-05-12,1.83
2021-05-13,1.29
2021-05-14,1.48
2021-05-15,0.7
2021-05-16,0.2
2021-05-17,0.37
2021-05-18,0.14
2021-05-19,0.7
2021-05-20,1.67
2021-05-21,0.3
2021-05-22,0.4
2021-05-23,0.52
2021-05-24,0.26
2021-05-25,0.2
2021-05-26,0.49
2021-05-27,0.98
2021-05-28,0.47
2021-05-29,0.24
2021-05-30,0.31
2021-05-31,1.08
2021-06-01,1.33
2021-06-02,0.67
2021-06-03,0.14
2021-06-04,0.4
2021-06-05,0.76
2021-06-06,0.13
2021-06-07,0.11
2021-06-08,0.2
2021-06-09,0.21
2021-06-10,0.2
2021-06-11,0.29
2021-06-12,0.18
2021-06-13,0.38
2021-06-14,0.64
2021-06-15,0.64
2021-06-16,0.9
2021-06-17,0.45
2021-06-18,0.32
2021-06-19,0.11
2021-06-20,0.15
2021-06-21,0.65
2021-06-22,0.12
2021-06-23,1.44
2021-06-24,0.25
2021-06-25,0.31
2021-06-26,0.2
2021-06-27,0.18
2021-06-28,0.47
2021-06-29,0.29
2021-06-30,0.23
2021-07-01,0.68
2021-07-02,2.14
2021-07-03,0.67
2021-07-04,0.29
2021-07-05,0.39
2021-07-06,0.14
2021-07-07,0.24
2021-07-08,0.5
2021-07-09,0.35
2021-07-10,0.51
2021-07-11,0.23
2021-07-12,0.14
2021-07-13,0.14
2021-07-14,0.24
2021-07-15,0.19
2021-07-16,0.16
2021-07-17,0.24
2021-07-18,0.85
2021-07-19,1.09
2021-07-20,1.0
2021-07-21,0.74
2021-07-22,0.66
2021-07-23,0.31
2021-07-24,0.55
2021-07-25,0.2
2021-07-26,0.31
2021-07-27,0.36
2021-07-28,0.3
2021-07-29,0.38
2021-07-30,0.62
2021-07-31,0.26
2021-08-01,0.22
2021-08-02,0.32
2021-08-03,0.64
2021-08-04,0.6
2021-08-05,0.78
2021-08-06,0.25
2021-08-07,0.3
2021-08-08,0.17
2021-08-09,0.52
2021-08-10,1.28
2021-08-11,0.78
2021-08-12,0.27
2021-08-13,0.74
2021-08-14,0.17
2021-08-15,0.24
2021-08-16,0.15
2021-08-17,0.21
2021-08-18,0.19
2021-08-19,0.24
2021-08-20,0.23
2021-08-21,0.57
2021-08-22,0.15
2021-08-23,0.51
2021-08-24,0.44
2021-08-25,0.83
2021-08-26,3.32
2021-08-27,0.89
2021-08-28,0.27
2021-08-29,0.18
2021-08-30,0.25
2021-08-31,0.48
2021-09-01,0.74
2021-09-02,1.02
2021-09-03,0.65
2021-09-04,0.74
2021-09-05,1.32
2021-09-06,4.76
2021-09-07,3.74
2021-09-08,0.49
2021-09-09,0.56
2021-09-10,0.74
2021-09-11,1.35
2021-09-12,1.23
2021-09-13,3.13
2021-09-14,0.78
2021-09-15,0.71
2021-09-16,0.79
2021-09-17,1.91
2021-09-18,0.82
2021-09-19,0.5
2021-09-20,0.48
2021-09-21,1.09
2021-09-22,1.54
2021-09-23,1.53
2021-09-24,1.62
2021-09-25,1.7
2021-09-26,1.46
2021-09-27,0.5
2021-09-28,1.39
2021-09-29,1.47
2021-09-30,2.27
2021-10-01,1.9
2021-10-02,2.27
2021-10-03,0.65
2021-10-04,1.36
2021-10-05,0.3
2021-10-06,1.7
2021-10-07,4.05
2021-10-08,3.2
2021-10-09,1.94
2021-10-10,1.25
2021-10-11,1.34
2021-10-12,1.56
2021-10-13,4.76
2021-10-14,6.65
2021-10-15,2.49
2021-10-16,1.69
2021-10-17,1.86
2021-10-18,4.61
2021-10-19,7.01
2021-10-20,2.32
2021-10-21,0.73
2021-10-22,0.43
2021-10-23,2.0
2021-10-24,1.0
2021-10-25,1.24
2021-10-26,4.29
2021-10-27,3.9
2021-10-28,4.99
2021-10-29,1.52
2021-10-30,1.75
2021-10-31,1.41
2021-11-01,0.29
2021-11-02,1.0
2021-11-03,0.87
2021-11-04,1.26
2021-11-05,1.85
2021-11-06,1.73
2021-11-07,1.0
2021-11-08,1.01
2021-11-09,0.3
2021-11-10,3.01
2021-11-11,3.36
2021-11-12,2.91
2021-11-13,1.99
2021-11-14,0.59
2021-11-15,0.76
2021-11-16,2.27
2021-11-17,2.45
2021-11-18,2.69
2021-11-19,4.08
2021-11-20,5.6
2021-11-21,1.09
2021-11-22,0.52
2021-11-23,0.8
2021-11-24,0.14
2021-11-25,0.88
2021-11-26,0.69
2021-11-27,0.27
2021-11-28,0.44
2021-11-29,2.0
2021-11-30,3.93
2021-12-01,1.21
2021-12-02,0.63
2021-12-03,3.14
2021-12-04,0.65
2021-12-05,0.62
2021-12-06,1.2
2021-12-07,1.92
2021-12-08,0.19
2021-12-09,0.9
2021-12-10,0.4
2021-12-11,1.64
2021-12-12,3.61
2021-12-13,9.32
2021-12-14,5.44
2021-12-15,6.49
2021-12-16,6.4
2021-12-17,7.05
2021-12-18,7.04
2021-12-19,7.05
2021-12-20,7.59
2021-12-21,9.07
2021-12-22,4.64
2021-12-23,4.43
2021-12-24,4.22
2021-12-25,4.62
2021-12-26,5.1
2021-12-27,2.08
2021-12-28,2.69
2021-12-29,5.29
2021-12-30,6.8
2021-12-31,5.11
2022-01-01,0.84
2022-01-02,3.84
2022-01-03,4.99
2022-01-04,1.12
2022-01-05,3.79
2022-01-06,2.29
2022-01-07,1.45
2022-01-08,0.72
2022-01-09,0.26
2022-01-10,1.54
2022-01-11,0.74
2022-01-12,1.34
2022-01-13,3.54
2022-01-14,4.86
2022-01-15,3.74
2022-01-16,4.81
2022-01-17,6.61
2022-01-18,4.94
2022-01-19,5.74
2022-01-20,3.09
2022-01-21,2.3
2022-01-22,3.85
2022-01-23,3.84
2022-01-24,3.85
2022-01-25,5.39
2022-01-26,4.27
2022-01-27,2.9
2022-01-28,2.18
2022-01-29,2.68
2022-01-30,1.36
2022-01-31,0.91
2022-02-01,1.52
2022-02-02,6.45
2022-02-03,6.82
2022-02-04,3.83
2022-02-05,1.21
2022-02-06,1.5
2022-02-07,1.7
2022-02-08,4.11
2022-02-09,7.88
2022-02-10,6.25
2022-02-11,1.54
2022-02-12,1.66
2022-02-13,1.37
2022-02-14,0.39
2022-02-15,2.44
2022-02-16,3.33
2022-02-17,4.39
2022-02-18,1.5
2022-02-19,1.09
2022-02-20,0.85
2022-02-21,0.91
2022-02-22,2.43
2022-02-23,2.89
2022-02-24,0.46
2022-02-25,0.12
2022-02-26,2.7
2022-02-27,3.06
2022-02-28,3.33
2022-03-01,3.42
2022-03-02,1.26
2022-03-03,0.81
2022-03-04,0.91
2022-03-05,0.57
2022-03-06,0.86
2022-03-07,1.22
2022-03-08,2.42
2022-03-09,1.63
2022-03-10,2.02
2022-03-11,1.52
2022-03-12,1.04
2022-03-13,0.97
2022-03-14,0.75
2022-03-15,3.23
2022-03-16,1.0
2022-03-17,0.81
2022-03-18,2.04
2022-03-19,2.38
2022-03-20,2.29
2022-03-21,1.96
2022-03-22,2.35
2022-03-23,1.4
2022-03-24,1.68
2022-03-25,1.25
2022-03-26,1.83
2022-03-27,2.39
2022-03-28,2.43
2022-03-29,0.72
2022-03-30,0.35
2022-03-31,0.42
2022-04-01,0.31
2022-04-02,0.52
2022-04-03,0.42
2022-04-04,0.75
2022-04-05,0.59
2022-04-06,1.99
2022-04-07,1.25
2022-04-08,1.16
2022-04-09,0.46
2022-04-10,1.33
2022-04-11,0.81
2022-04-12,1.08
2022-04-13,0.42
2022-04-14,0.57
2022-04-15,0.17
2022-04-16,0.11
2022-04-17,0.13
2022-04-18,0.15
2022-04-19,0.15
2022-04-20,0.16
2022-04-21,0.44
2022-04-22,0.9
2022-04-23,0.15
2022-04-24,0.3
2022-04-25,1.44
2022-04-26,1.37
2022-04-27,1.01
2022-04-28,0.74
2022-04-29,1.55
2022-04-30,0.35
2022-05-01,0.15
2022-05-02,0.31
2022-05-03,0.51
2022-05-04,0.93
2022-05-05,0.97
2022-05-06,0.53
2022-05-07,0.55
2022-05-08,0.24
2022-05-09,1.65
2022-05-10,0.94
2022-05-11,0.46
2022-05-12,0.56
2022-05-13,0.14
2022-05-14,0.26
2022-05-15,0.41
2022-05-16,0.7
2022-05-17,0.97
2022-05-18,0.19
2022-05-19,0.22
2022-05-20,0.14
2022-05-21,0.31
2022-05-22,0.3
2022-05-23,0.18
2022-05-24,0.76
2022-05-25,0.42
2022-05-26,0.66
2022-05-27,0.12
2022-05-28,0.12
2022-05-29,0.14
2022-05-30,0.34
2022-05-31,0.41
2022-06-01,0.47
2022-06-02,0.53
2022-06-03,0.16
2022-06-04,0.12
2022-06-05,0.1
2022-06-06,0.22
2022-06-07,0.15
2022-06-08,0.42
2022-06-09,0.15
2022-06-10,0.76
2022-06-11,0.11
2022-06-12,0.1
2022-06-13,0.12
2022-06-14,0.74
2022-06-15,2.92
2022-06-16,0.7
2022-06-17,1.67
2022-06-18,0.36
2022-06-19,0.1
2022-06-20,4.52
2022-06-21,5.53
2022-06-22,0.18
2022-06-23,0.27
2022-06-24,0.36
2022-06-25,0.17
2022-06-26,0.1
2022-06-27,0.28
2022-06-28,0.13
2022-06-29,0.1
2022-06-30,0.11
2022-07-01,0.2
2022-07-02,0.14
2022-07-03,0.31
2022-07-04,0.13
2022-07-05,0.16
2022-07-06,0.72
2022-07-07,1.46
2022-07-08,0.13
2022-07-09,0.5
2022-07-10,1.81
2022-07-11,2.16
2022-07-12,2.21
2022-07-13,3.56
2022-07-14,2.8
2022-07-15,0.46
2022-07-16,0.57
2022-07-17,0.5
2022-07-18,0.33
2022-07-19,0.16
2022-07-20,0.22
2022-07-21,0.2
2022-07-22,0.15
2022-07-23,0.14
2022-07-24,0.25
2022-07-25,0.17
2022-07-26,0.14
2022-07-27,0.26
2022-07-28,0.22
2022-07-29,0.24
2022-07-30,0.17
2022-07-31,0.2
