date,TOL,year,month,day,week,startDate,endDate,weekOrder
2017-01-01,8.43,2017,1,1,0,-,-,0
2017-01-02,15.44,2017,1,2,1,2017 1 2,2017 1 8,1
2017-01-03,10.59,2017,1,3,1,-,-,1
2017-01-04,21.47,2017,1,4,1,-,-,1
2017-01-05,15.59,2017,1,5,1,-,-,1
2017-01-06,6.01,2017,1,6,1,-,-,1
2017-01-07,7.66,2017,1,7,1,-,-,1
2017-01-08,9.4,2017,1,8,1,-,-,1
2017-01-09,19.67,2017,1,9,2,2017 1 9,2017 1 15,2
2017-01-10,5.25,2017,1,10,2,-,-,2
2017-01-11,4.37,2017,1,11,2,-,-,2
2017-01-12,1.83,2017,1,12,2,-,-,2
2017-01-13,1.54,2017,1,13,2,-,-,2
2017-01-14,1.23,2017,1,14,2,-,-,2
2017-01-15,1.77,2017,1,15,2,-,-,2
2017-01-16,1.61,2017,1,16,3,2017 1 16,2017 1 22,3
2017-01-17,1.36,2017,1,17,3,-,-,3
2017-01-18,3.03,2017,1,18,3,-,-,3
2017-01-19,3.17,2017,1,19,3,-,-,3
2017-01-20,4.77,2017,1,20,3,-,-,3
2017-01-21,4.71,2017,1,21,3,-,-,3
2017-01-22,2.45,2017,1,22,3,-,-,3
2017-01-23,4.63,2017,1,23,4,2017 1 23,2017 1 29,4
2017-01-24,6.36,2017,1,24,4,-,-,4
2017-01-25,7.46,2017,1,25,4,-,-,4
2017-01-26,5.99,2017,1,26,4,-,-,4
2017-01-27,5.73,2017,1,27,4,-,-,4
2017-01-28,4.08,2017,1,28,4,-,-,4
2017-01-29,6.78,2017,1,29,4,-,-,4
2017-01-30,8.16,2017,1,30,5,2017 1 30,2017 2 5,1
2017-01-31,3.34,2017,1,31,5,-,-,1
2017-02-01,7.05,2017,2,1,5,-,-,1
2017-02-02,1.55,2017,2,2,5,-,-,1
2017-02-03,2.8,2017,2,3,5,-,-,1
2017-02-04,2.14,2017,2,4,5,-,-,1
2017-02-05,1.14,2017,2,5,5,-,-,1
2017-02-06,7.54,2017,2,6,6,2017 2 6,2017 2 12,2
2017-02-07,2.68,2017,2,7,6,-,-,2
2017-02-08,2.6,2017,2,8,6,-,-,2
2017-02-09,6.02,2017,2,9,6,-,-,2
2017-02-10,6.08,2017,2,10,6,-,-,2
2017-02-11,2.44,2017,2,11,6,-,-,2
2017-02-12,3.96,2017,2,12,6,-,-,2
2017-02-13,6.57,2017,2,13,7,2017 2 13,2017 2 19,3
2017-02-14,13.78,2017,2,14,7,-,-,3
2017-02-15,12.2,2017,2,15,7,-,-,3
2017-02-16,6.36,2017,2,16,7,-,-,3
2017-02-17,5.74,2017,2,17,7,-,-,3
2017-02-18,4.82,2017,2,18,7,-,-,3
2017-02-19,2.77,2017,2,19,7,-,-,3
2017-02-20,4.3,2017,2,20,8,2017 2 20,2017 2 26,4
2017-02-21,2.64,2017,2,21,8,-,-,4
2017-02-22,2.37,2017,2,22,8,-,-,4
2017-02-23,3.04,2017,2,23,8,-,-,4
2017-02-24,1.65,2017,2,24,8,-,-,4
2017-02-25,2.18,2017,2,25,8,-,-,4
2017-02-26,1.1,2017,2,26,8,-,-,4
2017-02-27,2.15,2017,2,27,9,2017 2 27,2017 3 5,1
2017-02-28,1.85,2017,2,28,9,-,-,1
2017-03-01,2.89,2017,3,1,9,-,-,1
2017-03-02,3.05,2017,3,2,9,-,-,1
2017-03-03,3.99,2017,3,3,9,-,-,1
2017-03-04,0.91,2017,3,4,9,-,-,1
2017-03-05,2.37,2017,3,5,9,-,-,1
2017-03-06,0.87,2017,3,6,10,2017 3 6,2017 3 12,2
2017-03-07,2.81,2017,3,7,10,-,-,2
2017-03-08,3.29,2017,3,8,10,-,-,2
2017-03-09,4.81,2017,3,9,10,-,-,2
2017-03-10,6.75,2017,3,10,10,-,-,2
2017-03-11,3.56,2017,3,11,10,-,-,2
2017-03-12,0.58,2017,3,12,10,-,-,2
2017-03-13,1.18,2017,3,13,11,2017 3 13,2017 3 19,3
2017-03-14,1.15,2017,3,14,11,-,-,3
2017-03-15,2.33,2017,3,15,11,-,-,3
2017-03-16,2.67,2017,3,16,11,-,-,3
2017-03-17,1.13,2017,3,17,11,-,-,3
2017-03-18,0.74,2017,3,18,11,-,-,3
2017-03-19,0.77,2017,3,19,11,-,-,3
2017-03-20,2.18,2017,3,20,12,2017 3 20,2017 3 26,4
2017-03-21,1.71,2017,3,21,12,-,-,4
2017-03-22,1.21,2017,3,22,12,-,-,4
2017-03-23,1.08,2017,3,23,12,-,-,4
2017-03-24,1.49,2017,3,24,12,-,-,4
2017-03-25,2.36,2017,3,25,12,-,-,4
2017-03-26,1.8,2017,3,26,12,-,-,4
2017-03-27,1.91,2017,3,27,13,2017 3 27,2017 4 2,1
2017-03-28,5.16,2017,3,28,13,-,-,1
2017-03-29,5.7,2017,3,29,13,-,-,1
2017-03-30,6.3,2017,3,30,13,-,-,1
2017-03-31,2.88,2017,3,31,13,-,-,1
2017-04-01,0.45,2017,4,1,13,-,-,1
2017-04-02,0.19,2017,4,2,13,-,-,1
2017-04-03,2.45,2017,4,3,14,2017 4 3,2017 4 9,2
2017-04-04,1.61,2017,4,4,14,-,-,2
2017-04-05,0.47,2017,4,5,14,-,-,2
2017-04-06,1.3,2017,4,6,14,-,-,2
2017-04-07,1.81,2017,4,7,14,-,-,2
2017-04-08,2.44,2017,4,8,14,-,-,2
2017-04-09,1.4,2017,4,9,14,-,-,2
2017-04-10,1.03,2017,4,10,15,2017 4 10,2017 4 16,3
2017-04-11,0.72,2017,4,11,15,-,-,3
2017-04-12,0.77,2017,4,12,15,-,-,3
2017-04-13,0.57,2017,4,13,15,-,-,3
2017-04-14,0.51,2017,4,14,15,-,-,3
2017-04-15,0.3,2017,4,15,15,-,-,3
2017-04-16,1.02,2017,4,16,15,-,-,3
2017-04-17,0.4,2017,4,17,16,2017 4 17,2017 4 23,4
2017-04-18,0.29,2017,4,18,16,-,-,4
2017-04-19,0.51,2017,4,19,16,-,-,4
2017-04-20,0.67,2017,4,20,16,-,-,4
2017-04-21,2.22,2017,4,21,16,-,-,4
2017-04-22,2.36,2017,4,22,16,-,-,4
2017-04-23,0.76,2017,4,23,16,-,-,4
2017-04-24,2.48,2017,4,24,17,2017 4 24,2017 4 30,1
2017-04-25,0.63,2017,4,25,17,-,-,1
2017-04-26,0.38,2017,4,26,17,-,-,1
2017-04-27,0.5,2017,4,27,17,-,-,1
2017-04-28,0.81,2017,4,28,17,-,-,1
2017-04-29,0.86,2017,4,29,17,-,-,1
2017-04-30,0.6,2017,4,30,17,-,-,1
2017-05-01,1.3,2017,5,1,18,2017 5 1,2017 5 7,2
2017-05-02,1.3,2017,5,2,18,-,-,2
2017-05-03,0.78,2017,5,3,18,-,-,2
2017-05-04,1.68,2017,5,4,18,-,-,2
2017-05-05,2.57,2017,5,5,18,-,-,2
2017-05-06,1.19,2017,5,6,18,-,-,2
2017-05-07,0.65,2017,5,7,18,-,-,2
2017-05-08,1.34,2017,5,8,19,2017 5 8,2017 5 14,3
2017-05-09,1.32,2017,5,9,19,-,-,3
2017-05-10,1.96,2017,5,10,19,-,-,3
2017-05-11,2.54,2017,5,11,19,-,-,3
2017-05-12,1.62,2017,5,12,19,-,-,3
2017-05-13,0.92,2017,5,13,19,-,-,3
2017-05-14,0.68,2017,5,14,19,-,-,3
2017-05-15,1.55,2017,5,15,20,2017 5 15,2017 5 21,4
2017-05-16,1.45,2017,5,16,20,-,-,4
2017-05-17,1.43,2017,5,17,20,-,-,4
2017-05-18,0.94,2017,5,18,20,-,-,4
2017-05-19,1.67,2017,5,19,20,-,-,4
2017-05-20,0.72,2017,5,20,20,-,-,4
2017-05-21,1.18,2017,5,21,20,-,-,4
2017-05-22,1.18,2017,5,22,21,2017 5 22,2017 5 28,1
2017-05-23,1.64,2017,5,23,21,-,-,1
2017-05-24,1.92,2017,5,24,21,-,-,1
2017-05-25,3.92,2017,5,25,21,-,-,1
2017-05-26,2.96,2017,5,26,21,-,-,1
2017-05-27,1.34,2017,5,27,21,-,-,1
2017-05-28,0.6,2017,5,28,21,-,-,1
2017-05-29,1.0,2017,5,29,22,2017 5 29,2017 6 4,2
2017-05-30,1.94,2017,5,30,22,-,-,2
2017-05-31,1.4,2017,5,31,22,-,-,2
2017-06-01,3.6,2017,6,1,22,-,-,2
2017-06-02,0.76,2017,6,2,22,-,-,2
2017-06-03,0.6,2017,6,3,22,-,-,2
2017-06-04,0.76,2017,6,4,22,-,-,2
2017-06-05,1.14,2017,6,5,23,2017 6 5,2017 6 11,3
2017-06-06,0.28,2017,6,6,23,-,-,3
2017-06-07,1.05,2017,6,7,23,-,-,3
2017-06-08,0.98,2017,6,8,23,-,-,3
2017-06-09,0.98,2017,6,9,23,-,-,3
2017-06-10,0.9,2017,6,10,23,-,-,3
2017-06-11,0.4,2017,6,11,23,-,-,3
2017-06-12,0.61,2017,6,12,24,2017 6 12,2017 6 18,4
2017-06-13,0.82,2017,6,13,24,-,-,4
2017-06-14,1.02,2017,6,14,24,-,-,4
2017-06-15,0.65,2017,6,15,24,-,-,4
2017-06-16,0.33,2017,6,16,24,-,-,4
2017-06-17,0.36,2017,6,17,24,-,-,4
2017-06-18,0.86,2017,6,18,24,-,-,4
2017-06-19,2.61,2017,6,19,25,2017 6 19,2017 6 25,1
2017-06-20,2.45,2017,6,20,25,-,-,1
2017-06-21,1.78,2017,6,21,25,-,-,1
2017-06-22,0.7,2017,6,22,25,-,-,1
2017-06-23,0.76,2017,6,23,25,-,-,1
2017-06-24,0.51,2017,6,24,25,-,-,1
2017-06-25,0.51,2017,6,25,25,-,-,1
2017-06-26,0.77,2017,6,26,26,2017 6 26,2017 7 2,2
2017-06-27,1.25,2017,6,27,26,-,-,2
2017-06-28,0.87,2017,6,28,26,-,-,2
2017-06-29,0.69,2017,6,29,26,-,-,2
2017-06-30,0.57,2017,6,30,26,-,-,2
2017-07-01,0.45,2017,7,1,26,-,-,2
2017-07-02,0.4,2017,7,2,26,-,-,2
2017-07-03,0.76,2017,7,3,27,2017 7 3,2017 7 9,3
2017-07-04,1.35,2017,7,4,27,-,-,3
2017-07-05,0.79,2017,7,5,27,-,-,3
2017-07-06,1.13,2017,7,6,27,-,-,3
2017-07-07,0.9,2017,7,7,27,-,-,3
2017-07-08,0.31,2017,7,8,27,-,-,3
2017-07-09,0.45,2017,7,9,27,-,-,3
2017-07-10,0.42,2017,7,10,28,2017 7 10,2017 7 16,4
2017-07-11,0.57,2017,7,11,28,-,-,4
2017-07-12,0.99,2017,7,12,28,-,-,4
2017-07-13,0.74,2017,7,13,28,-,-,4
2017-07-14,0.31,2017,7,14,28,-,-,4
2017-07-15,0.35,2017,7,15,28,-,-,4
2017-07-16,0.28,2017,7,16,28,-,-,4
2017-07-17,0.92,2017,7,17,29,2017 7 17,2017 7 23,1
2017-07-18,0.91,2017,7,18,29,-,-,1
2017-07-19,0.97,2017,7,19,29,-,-,1
2017-07-20,0.57,2017,7,20,29,-,-,1
2017-07-21,0.58,2017,7,21,29,-,-,1
2017-07-22,0.52,2017,7,22,29,-,-,1
2017-07-23,0.32,2017,7,23,29,-,-,1
2017-07-24,0.31,2017,7,24,30,2017 7 24,2017 7 30,2
2017-07-25,0.48,2017,7,25,30,-,-,2
2017-07-26,0.81,2017,7,26,30,-,-,2
2017-07-27,1.06,2017,7,27,30,-,-,2
2017-07-28,0.76,2017,7,28,30,-,-,2
2017-07-29,0.62,2017,7,29,30,-,-,2
2017-07-30,0.35,2017,7,30,30,-,-,2
2017-07-31,0.54,2017,7,31,31,2017 7 31,2017 8 6,3
2017-08-01,0.5,2017,8,1,31,-,-,3
2017-08-02,0.73,2017,8,2,31,-,-,3
2017-08-03,0.88,2017,8,3,31,-,-,3
2017-08-04,1.1,2017,8,4,31,-,-,3
2017-08-05,0.27,2017,8,5,31,-,-,3
2017-08-06,0.25,2017,8,6,31,-,-,3
2017-08-07,0.64,2017,8,7,32,2017 8 7,2017 8 13,4
2017-08-08,0.42,2017,8,8,32,-,-,4
2017-08-09,0.58,2017,8,9,32,-,-,4
2017-08-10,1.09,2017,8,10,32,-,-,4
2017-08-11,0.68,2017,8,11,32,-,-,4
2017-08-12,0.61,2017,8,12,32,-,-,4
2017-08-13,0.47,2017,8,13,32,-,-,4
2017-08-14,0.47,2017,8,14,33,2017 8 14,2017 8 20,1
2017-08-15,0.29,2017,8,15,33,-,-,1
2017-08-16,0.85,2017,8,16,33,-,-,1
2017-08-17,0.94,2017,8,17,33,-,-,1
2017-08-18,0.72,2017,8,18,33,-,-,1
2017-08-19,0.27,2017,8,19,33,-,-,1
2017-08-20,0.62,2017,8,20,33,-,-,1
2017-08-21,2.24,2017,8,21,34,2017 8 21,2017 8 27,2
2017-08-22,1.44,2017,8,22,34,-,-,2
2017-08-23,1.0,2017,8,23,34,-,-,2
2017-08-24,0.93,2017,8,24,34,-,-,2
2017-08-25,1.14,2017,8,25,34,-,-,2
2017-08-26,1.15,2017,8,26,34,-,-,2
2017-08-27,1.48,2017,8,27,34,-,-,2
2017-08-28,1.11,2017,8,28,35,2017 8 28,2017 9 3,3
2017-08-29,0.64,2017,8,29,35,-,-,3
2017-08-30,0.67,2017,8,30,35,-,-,3
2017-08-31,1.78,2017,8,31,35,-,-,3
2017-09-01,0.86,2017,9,1,35,-,-,3
2017-09-02,0.84,2017,9,2,35,-,-,3
2017-09-03,1.02,2017,9,3,35,-,-,3
2017-09-04,0.94,2017,9,4,36,2017 9 4,2017 9 10,4
2017-09-05,0.92,2017,9,5,36,-,-,4
2017-09-06,0.6,2017,9,6,36,-,-,4
2017-09-07,0.96,2017,9,7,36,-,-,4
2017-09-08,0.35,2017,9,8,36,-,-,4
2017-09-09,0.38,2017,9,9,36,-,-,4
2017-09-10,0.68,2017,9,10,36,-,-,4
2017-09-11,0.43,2017,9,11,37,2017 9 11,2017 9 17,1
2017-09-12,0.66,2017,9,12,37,-,-,1
2017-09-13,0.96,2017,9,13,37,-,-,1
2017-09-14,0.66,2017,9,14,37,-,-,1
2017-09-15,0.73,2017,9,15,37,-,-,1
2017-09-16,1.02,2017,9,16,37,-,-,1
2017-09-17,0.56,2017,9,17,37,-,-,1
2017-09-18,0.88,2017,9,18,38,2017 9 18,2017 9 24,2
2017-09-19,0.92,2017,9,19,38,-,-,2
2017-09-20,2.35,2017,9,20,38,-,-,2
2017-09-21,1.2,2017,9,21,38,-,-,2
2017-09-22,0.38,2017,9,22,38,-,-,2
2017-09-23,1.34,2017,9,23,38,-,-,2
2017-09-24,0.63,2017,9,24,38,-,-,2
2017-09-25,0.8,2017,9,25,39,2017 9 25,2017 10 1,3
2017-09-26,1.52,2017,9,26,39,-,-,3
2017-09-27,2.03,2017,9,27,39,-,-,3
2017-09-28,2.08,2017,9,28,39,-,-,3
2017-09-29,1.54,2017,9,29,39,-,-,3
2017-09-30,0.69,2017,9,30,39,-,-,3
2017-10-01,0.61,2017,10,1,39,-,-,3
2017-10-02,1.16,2017,10,2,40,2017 10 2,2017 10 8,4
2017-10-03,0.83,2017,10,3,40,-,-,4
2017-10-04,0.88,2017,10,4,40,-,-,4
2017-10-05,0.73,2017,10,5,40,-,-,4
2017-10-06,0.5,2017,10,6,40,-,-,4
2017-10-07,0.76,2017,10,7,40,-,-,4
2017-10-08,1.2,2017,10,8,40,-,-,4
2017-10-09,1.48,2017,10,9,41,2017 10 9,2017 10 15,1
2017-10-10,2.47,2017,10,10,41,-,-,1
2017-10-11,2.43,2017,10,11,41,-,-,1
2017-10-12,2.25,2017,10,12,41,-,-,1
2017-10-13,1.65,2017,10,13,41,-,-,1
2017-10-14,1.84,2017,10,14,41,-,-,1
2017-10-15,6.14,2017,10,15,41,-,-,1
2017-10-16,2.08,2017,10,16,42,2017 10 16,2017 10 22,2
2017-10-17,1.59,2017,10,17,42,-,-,2
2017-10-18,1.81,2017,10,18,42,-,-,2
2017-10-19,1.94,2017,10,19,42,-,-,2
2017-10-20,2.98,2017,10,20,42,-,-,2
2017-10-21,0.55,2017,10,21,42,-,-,2
2017-10-22,0.63,2017,10,22,42,-,-,2
2017-10-23,1.57,2017,10,23,43,2017 10 23,2017 10 29,3
2017-10-24,3.78,2017,10,24,43,-,-,3
2017-10-25,3.79,2017,10,25,43,-,-,3
2017-10-26,3.3,2017,10,26,43,-,-,3
2017-10-27,2.29,2017,10,27,43,-,-,3
2017-10-28,0.84,2017,10,28,43,-,-,3
2017-10-29,0.58,2017,10,29,43,-,-,3
2017-10-30,0.42,2017,10,30,44,2017 10 30,2017 11 5,4
2017-10-31,1.74,2017,10,31,44,-,-,4
2017-11-01,4.1,2017,11,1,44,-,-,4
2017-11-02,3.47,2017,11,2,44,-,-,4
2017-11-03,2.65,2017,11,3,44,-,-,4
2017-11-04,1.57,2017,11,4,44,-,-,4
2017-11-05,0.63,2017,11,5,44,-,-,4
2017-11-06,1.46,2017,11,6,45,2017 11 6,2017 11 12,1
2017-11-07,1.51,2017,11,7,45,-,-,1
2017-11-08,1.26,2017,11,8,45,-,-,1
2017-11-09,1.39,2017,11,9,45,-,-,1
2017-11-10,1.71,2017,11,10,45,-,-,1
2017-11-11,1.13,2017,11,11,45,-,-,1
2017-11-12,0.87,2017,11,12,45,-,-,1
2017-11-13,1.39,2017,11,13,46,2017 11 13,2017 11 19,2
2017-11-14,1.62,2017,11,14,46,-,-,2
2017-11-15,3.76,2017,11,15,46,-,-,2
2017-11-16,4.97,2017,11,16,46,-,-,2
2017-11-17,2.1,2017,11,17,46,-,-,2
2017-11-18,2.9,2017,11,18,46,-,-,2
2017-11-19,2.67,2017,11,19,46,-,-,2
2017-11-20,5.98,2017,11,20,47,2017 11 20,2017 11 26,3
2017-11-21,5.21,2017,11,21,47,-,-,3
2017-11-22,3.39,2017,11,22,47,-,-,3
2017-11-23,5.53,2017,11,23,47,-,-,3
2017-11-24,1.83,2017,11,24,47,-,-,3
2017-11-25,0.43,2017,11,25,47,-,-,3
2017-11-26,1.14,2017,11,26,47,-,-,3
2017-11-27,1.9,2017,11,27,48,2017 11 27,2017 12 3,4
2017-11-28,1.64,2017,11,28,48,-,-,4
2017-11-29,1.64,2017,11,29,48,-,-,4
2017-11-30,1.37,2017,11,30,48,-,-,4
2017-12-01,0.91,2017,12,1,48,-,-,4
2017-12-02,0.59,2017,12,2,48,-,-,4
2017-12-03,1.18,2017,12,3,48,-,-,4
2017-12-04,2.15,2017,12,4,49,2017 12 4,2017 12 10,1
2017-12-05,2.7,2017,12,5,49,-,-,1
2017-12-06,3.19,2017,12,6,49,-,-,1
2017-12-07,3.34,2017,12,7,49,-,-,1
2017-12-08,0.56,2017,12,8,49,-,-,1
2017-12-09,0.83,2017,12,9,49,-,-,1
2017-12-10,0.66,2017,12,10,49,-,-,1
2017-12-11,0.55,2017,12,11,50,2017 12 11,2017 12 17,2
2017-12-12,1.22,2017,12,12,50,-,-,2
2017-12-13,2.12,2017,12,13,50,-,-,2
2017-12-14,0.97,2017,12,14,50,-,-,2
2017-12-15,0.86,2017,12,15,50,-,-,2
2017-12-16,0.83,2017,12,16,50,-,-,2
2017-12-17,1.37,2017,12,17,50,-,-,2
2017-12-18,1.74,2017,12,18,51,2017 12 18,2017 12 24,3
2017-12-19,2.33,2017,12,19,51,-,-,3
2017-12-20,2.53,2017,12,20,51,-,-,3
2017-12-21,3.9,2017,12,21,51,-,-,3
2017-12-22,3.05,2017,12,22,51,-,-,3
2017-12-23,2.6,2017,12,23,51,-,-,3
2017-12-24,2.02,2017,12,24,51,-,-,3
2017-12-25,1.09,2017,12,25,52,2017 12 25,2017 12 31,4
2017-12-26,1.4,2017,12,26,52,-,-,4
2017-12-27,0.87,2017,12,27,52,-,-,4
2017-12-28,2.08,2017,12,28,52,-,-,4
2017-12-29,4.71,2017,12,29,52,-,-,4
2017-12-30,6.41,2017,12,30,52,-,-,4
2017-12-31,1.3,2017,12,31,52,-,-,4
2018-01-01,1.01,2018,1,1,53,2018 1 1,2018 1 7,1
2018-01-02,0.71,2018,1,2,53,-,-,1
2018-01-03,0.5,2018,1,3,53,-,-,1
2018-01-04,2.58,2018,1,4,53,-,-,1
2018-01-05,0.55,2018,1,5,53,-,-,1
2018-01-06,0.51,2018,1,6,53,-,-,1
2018-01-07,0.91,2018,1,7,53,-,-,1
2018-01-08,1.95,2018,1,8,54,2018 1 8,2018 1 14,2
2018-01-09,1.98,2018,1,9,54,-,-,2
2018-01-10,2.6,2018,1,10,54,-,-,2
2018-01-11,0.75,2018,1,11,54,-,-,2
2018-01-12,3.43,2018,1,12,54,-,-,2
2018-01-13,2.97,2018,1,13,54,-,-,2
2018-01-14,1.38,2018,1,14,54,-,-,2
2018-01-15,1.71,2018,1,15,55,2018 1 15,2018 1 21,3
2018-01-16,0.83,2018,1,16,55,-,-,3
2018-01-17,1.24,2018,1,17,55,-,-,3
2018-01-18,2.4,2018,1,18,55,-,-,3
2018-01-19,2.9,2018,1,19,55,-,-,3
2018-01-20,2.91,2018,1,20,55,-,-,3
2018-01-21,2.92,2018,1,21,55,-,-,3
2018-01-22,3.45,2018,1,22,56,2018 1 22,2018 1 28,4
2018-01-23,2.11,2018,1,23,56,-,-,4
2018-01-24,2.11,2018,1,24,56,-,-,4
2018-01-25,0.77,2018,1,25,56,-,-,4
2018-01-26,0.74,2018,1,26,56,-,-,4
2018-01-27,0.68,2018,1,27,56,-,-,4
2018-01-28,1.26,2018,1,28,56,-,-,4
2018-01-29,2.72,2018,1,29,57,2018 1 29,2018 2 4,1
2018-01-30,1.95,2018,1,30,57,-,-,1
2018-01-31,1.17,2018,1,31,57,-,-,1
2018-02-01,1.38,2018,2,1,57,-,-,1
2018-02-02,1.59,2018,2,2,57,-,-,1
2018-02-03,1.15,2018,2,3,57,-,-,1
2018-02-04,0.66,2018,2,4,57,-,-,1
2018-02-05,1.24,2018,2,5,58,2018 2 5,2018 2 11,2
2018-02-06,1.78,2018,2,6,58,-,-,2
2018-02-07,1.43,2018,2,7,58,-,-,2
2018-02-08,1.87,2018,2,8,58,-,-,2
2018-02-09,2.18,2018,2,9,58,-,-,2
2018-02-10,1.89,2018,2,10,58,-,-,2
2018-02-11,1.48,2018,2,11,58,-,-,2
2018-02-12,2.22,2018,2,12,59,2018 2 12,2018 2 18,3
2018-02-13,2.15,2018,2,13,59,-,-,3
2018-02-14,13.65,2018,2,14,59,-,-,3
2018-02-15,11.35,2018,2,15,59,-,-,3
2018-02-16,4.91,2018,2,16,59,-,-,3
2018-02-17,1.64,2018,2,17,59,-,-,3
2018-02-18,1.83,2018,2,18,59,-,-,3
2018-02-19,1.51,2018,2,19,60,2018 2 19,2018 2 25,4
2018-02-20,1.26,2018,2,20,60,-,-,4
2018-02-21,1.34,2018,2,21,60,-,-,4
2018-02-22,2.03,2018,2,22,60,-,-,4
2018-02-23,2.17,2018,2,23,60,-,-,4
2018-02-24,2.46,2018,2,24,60,-,-,4
2018-02-25,2.84,2018,2,25,60,-,-,4
2018-02-26,1.73,2018,2,26,61,2018 2 26,2018 3 4,1
2018-02-27,0.55,2018,2,27,61,-,-,1
2018-02-28,1.67,2018,2,28,61,-,-,1
2018-03-01,6.57,2018,3,1,61,-,-,1
2018-03-02,4.0,2018,3,2,61,-,-,1
2018-03-03,4.11,2018,3,3,61,-,-,1
2018-03-04,4.0,2018,3,4,61,-,-,1
2018-03-05,1.64,2018,3,5,62,2018 3 5,2018 3 11,2
2018-03-06,1.64,2018,3,6,62,-,-,2
2018-03-07,1.87,2018,3,7,62,-,-,2
2018-03-08,4.15,2018,3,8,62,-,-,2
2018-03-09,2.27,2018,3,9,62,-,-,2
2018-03-10,2.17,2018,3,10,62,-,-,2
2018-03-11,0.41,2018,3,11,62,-,-,2
2018-03-12,0.57,2018,3,12,63,2018 3 12,2018 3 18,3
2018-03-13,2.83,2018,3,13,63,-,-,3
2018-03-14,2.8,2018,3,14,63,-,-,3
2018-03-15,2.52,2018,3,15,63,-,-,3
2018-03-16,2.02,2018,3,16,63,-,-,3
2018-03-17,0.8,2018,3,17,63,-,-,3
2018-03-18,0.51,2018,3,18,63,-,-,3
2018-03-19,0.85,2018,3,19,64,2018 3 19,2018 3 25,4
2018-03-20,1.04,2018,3,20,64,-,-,4
2018-03-21,1.09,2018,3,21,64,-,-,4
2018-03-22,1.93,2018,3,22,64,-,-,4
2018-03-23,2.03,2018,3,23,64,-,-,4
2018-03-24,0.27,2018,3,24,64,-,-,4
2018-03-25,0.79,2018,3,25,64,-,-,4
2018-03-26,2.26,2018,3,26,65,2018 3 26,2018 4 1,1
2018-03-27,1.54,2018,3,27,65,-,-,1
2018-03-28,1.16,2018,3,28,65,-,-,1
2018-03-29,0.5,2018,3,29,65,-,-,1
2018-03-30,0.27,2018,3,30,65,-,-,1
2018-03-31,0.46,2018,3,31,65,-,-,1
2018-04-01,2.29,2018,4,1,65,-,-,1
2018-04-02,4.14,2018,4,2,66,2018 4 2,2018 4 8,2
2018-04-03,1.97,2018,4,3,66,-,-,2
2018-04-04,2.07,2018,4,4,66,-,-,2
2018-04-05,3.54,2018,4,5,66,-,-,2
2018-04-06,3.91,2018,4,6,66,-,-,2
2018-04-07,0.61,2018,4,7,66,-,-,2
2018-04-08,0.77,2018,4,8,66,-,-,2
2018-04-09,0.99,2018,4,9,67,2018 4 9,2018 4 15,3
2018-04-10,1.22,2018,4,10,67,-,-,3
2018-04-11,1.46,2018,4,11,67,-,-,3
2018-04-12,3.24,2018,4,12,67,-,-,3
2018-04-13,2.48,2018,4,13,67,-,-,3
2018-04-14,1.8,2018,4,14,67,-,-,3
2018-04-15,1.57,2018,4,15,67,-,-,3
2018-04-16,2.02,2018,4,16,68,2018 4 16,2018 4 22,4
2018-04-17,3.26,2018,4,17,68,-,-,4
2018-04-18,3.84,2018,4,18,68,-,-,4
2018-04-19,2.75,2018,4,19,68,-,-,4
2018-04-20,1.77,2018,4,20,68,-,-,4
2018-04-21,5.62,2018,4,21,68,-,-,4
2018-04-22,2.3,2018,4,22,68,-,-,4
2018-04-23,1.14,2018,4,23,69,2018 4 23,2018 4 29,1
2018-04-24,1.25,2018,4,24,69,-,-,1
2018-04-25,1.36,2018,4,25,69,-,-,1
2018-04-26,1.39,2018,4,26,69,-,-,1
2018-04-27,1.36,2018,4,27,69,-,-,1
2018-04-28,1.1,2018,4,28,69,-,-,1
2018-04-29,1.05,2018,4,29,69,-,-,1
2018-04-30,1.56,2018,4,30,70,2018 4 30,2018 5 6,2
2018-05-01,1.0,2018,5,1,70,-,-,2
2018-05-02,1.56,2018,5,2,70,-,-,2
2018-05-03,1.34,2018,5,3,70,-,-,2
2018-05-04,1.49,2018,5,4,70,-,-,2
2018-05-05,1.47,2018,5,5,70,-,-,2
2018-05-06,1.65,2018,5,6,70,-,-,2
2018-05-07,3.07,2018,5,7,71,2018 5 7,2018 5 13,3
2018-05-08,1.26,2018,5,8,71,-,-,3
2018-05-09,1.18,2018,5,9,71,-,-,3
2018-05-10,1.09,2018,5,10,71,-,-,3
2018-05-11,2.02,2018,5,11,71,-,-,3
2018-05-12,1.21,2018,5,12,71,-,-,3
2018-05-13,1.3,2018,5,13,71,-,-,3
2018-05-14,1.17,2018,5,14,72,2018 5 14,2018 5 20,4
2018-05-15,1.51,2018,5,15,72,-,-,4
2018-05-16,1.29,2018,5,16,72,-,-,4
2018-05-17,1.26,2018,5,17,72,-,-,4
2018-05-18,1.39,2018,5,18,72,-,-,4
2018-05-19,0.96,2018,5,19,72,-,-,4
2018-05-20,0.98,2018,5,20,72,-,-,4
2018-05-21,1.67,2018,5,21,73,2018 5 21,2018 5 27,1
2018-05-22,1.77,2018,5,22,73,-,-,1
2018-05-23,1.98,2018,5,23,73,-,-,1
2018-05-24,1.74,2018,5,24,73,-,-,1
2018-05-25,1.97,2018,5,25,73,-,-,1
2018-05-26,1.07,2018,5,26,73,-,-,1
2018-05-27,1.01,2018,5,27,73,-,-,1
2018-05-28,1.37,2018,5,28,74,2018 5 28,2018 6 3,2
2018-05-29,1.59,2018,5,29,74,-,-,2
2018-05-30,2.06,2018,5,30,74,-,-,2
2018-05-31,1.3,2018,5,31,74,-,-,2
2018-06-01,1.41,2018,6,1,74,-,-,2
2018-06-02,1.24,2018,6,2,74,-,-,2
2018-06-03,1.13,2018,6,3,74,-,-,2
2018-06-04,1.57,2018,6,4,75,2018 6 4,2018 6 10,3
2018-06-05,1.63,2018,6,5,75,-,-,3
2018-06-06,1.18,2018,6,6,75,-,-,3
2018-06-07,1.33,2018,6,7,75,-,-,3
2018-06-08,1.48,2018,6,8,75,-,-,3
2018-06-09,1.19,2018,6,9,75,-,-,3
2018-06-10,1.35,2018,6,10,75,-,-,3
2018-06-11,1.41,2018,6,11,76,2018 6 11,2018 6 17,4
2018-06-12,1.01,2018,6,12,76,-,-,4
2018-06-13,1.17,2018,6,13,76,-,-,4
2018-06-14,2.04,2018,6,14,76,-,-,4
2018-06-15,2.35,2018,6,15,76,-,-,4
2018-06-16,0.93,2018,6,16,76,-,-,4
2018-06-17,0.97,2018,6,17,76,-,-,4
2018-06-18,1.53,2018,6,18,77,2018 6 18,2018 6 24,1
2018-06-19,0.96,2018,6,19,77,-,-,1
2018-06-20,1.5,2018,6,20,77,-,-,1
2018-06-21,1.21,2018,6,21,77,-,-,1
2018-06-22,0.99,2018,6,22,77,-,-,1
2018-06-23,1.06,2018,6,23,77,-,-,1
2018-06-24,1.45,2018,6,24,77,-,-,1
2018-06-25,1.98,2018,6,25,78,2018 6 25,2018 7 1,2
2018-06-26,1.22,2018,6,26,78,-,-,2
2018-06-27,1.0,2018,6,27,78,-,-,2
2018-06-28,1.3,2018,6,28,78,-,-,2
2018-06-29,1.2,2018,6,29,78,-,-,2
2018-06-30,1.34,2018,6,30,78,-,-,2
2018-07-01,1.44,2018,7,1,78,-,-,2
2018-07-02,1.63,2018,7,2,79,2018 7 2,2018 7 8,3
2018-07-03,1.18,2018,7,3,79,-,-,3
2018-07-04,1.52,2018,7,4,79,-,-,3
2018-07-05,1.86,2018,7,5,79,-,-,3
2018-07-06,1.21,2018,7,6,79,-,-,3
2018-07-07,1.11,2018,7,7,79,-,-,3
2018-07-08,1.01,2018,7,8,79,-,-,3
2018-07-09,1.59,2018,7,9,80,2018 7 9,2018 7 15,4
2018-07-10,1.44,2018,7,10,80,-,-,4
2018-07-11,2.27,2018,7,11,80,-,-,4
2018-07-12,1.47,2018,7,12,80,-,-,4
2018-07-13,1.44,2018,7,13,80,-,-,4
2018-07-14,1.11,2018,7,14,80,-,-,4
2018-07-15,1.01,2018,7,15,80,-,-,4
2018-07-16,0.95,2018,7,16,81,2018 7 16,2018 7 22,1
2018-07-17,2.07,2018,7,17,81,-,-,1
2018-07-18,1.88,2018,7,18,81,-,-,1
2018-07-19,1.23,2018,7,19,81,-,-,1
2018-07-20,1.67,2018,7,20,81,-,-,1
2018-07-21,1.38,2018,7,21,81,-,-,1
2018-07-22,0.97,2018,7,22,81,-,-,1
2018-07-23,1.38,2018,7,23,82,2018 7 23,2018 7 29,2
2018-07-24,1.38,2018,7,24,82,-,-,2
2018-07-25,2.87,2018,7,25,82,-,-,2
2018-07-26,2.87,2018,7,26,82,-,-,2
2018-07-27,4.35,2018,7,27,82,-,-,2
2018-07-28,4.35,2018,7,28,82,-,-,2
2018-07-29,2.77,2018,7,29,82,-,-,2
2018-07-30,4.69,2018,7,30,83,2018 7 30,2018 8 5,3
2018-07-31,2.82,2018,7,31,83,-,-,3
2018-08-01,3.36,2018,8,1,83,-,-,3
2018-08-02,4.98,2018,8,2,83,-,-,3
2018-08-03,8.2,2018,8,3,83,-,-,3
2018-08-04,3.28,2018,8,4,83,-,-,3
2018-08-05,2.64,2018,8,5,83,-,-,3
2018-08-06,5.87,2018,8,6,84,2018 8 6,2018 8 12,4
2018-08-07,2.07,2018,8,7,84,-,-,4
2018-08-08,3.62,2018,8,8,84,-,-,4
2018-08-09,3.35,2018,8,9,84,-,-,4
2018-08-10,4.44,2018,8,10,84,-,-,4
2018-08-11,1.08,2018,8,11,84,-,-,4
2018-08-12,0.91,2018,8,12,84,-,-,4
2018-08-13,0.43,2018,8,13,85,2018 8 13,2018 8 19,1
2018-08-14,0.69,2018,8,14,85,-,-,1
2018-08-15,0.35,2018,8,15,85,-,-,1
2018-08-16,0.7,2018,8,16,85,-,-,1
2018-08-17,0.47,2018,8,17,85,-,-,1
2018-08-18,0.74,2018,8,18,85,-,-,1
2018-08-19,0.71,2018,8,19,85,-,-,1
2018-08-20,1.19,2018,8,20,86,2018 8 20,2018 8 26,2
2018-08-21,1.05,2018,8,21,86,-,-,2
2018-08-22,1.15,2018,8,22,86,-,-,2
2018-08-23,0.8,2018,8,23,86,-,-,2
2018-08-24,0.8,2018,8,24,86,-,-,2
2018-08-25,0.4,2018,8,25,86,-,-,2
2018-08-26,0.65,2018,8,26,86,-,-,2
2018-08-27,2.34,2018,8,27,87,2018 8 27,2018 9 2,3
2018-08-28,1.25,2018,8,28,87,-,-,3
2018-08-29,0.72,2018,8,29,87,-,-,3
2018-08-30,1.25,2018,8,30,87,-,-,3
2018-08-31,1.56,2018,8,31,87,-,-,3
2018-09-01,1.12,2018,9,1,87,-,-,3
2018-09-02,1.03,2018,9,2,87,-,-,3
2018-09-03,1.67,2018,9,3,88,2018 9 3,2018 9 9,4
2018-09-04,1.69,2018,9,4,88,-,-,4
2018-09-05,1.29,2018,9,5,88,-,-,4
2018-09-06,1.6,2018,9,6,88,-,-,4
2018-09-07,1.39,2018,9,7,88,-,-,4
2018-09-08,1.85,2018,9,8,88,-,-,4
2018-09-09,0.56,2018,9,9,88,-,-,4
2018-09-10,1.42,2018,9,10,89,2018 9 10,2018 9 16,1
2018-09-11,2.64,2018,9,11,89,-,-,1
2018-09-12,2.14,2018,9,12,89,-,-,1
2018-09-13,2.33,2018,9,13,89,-,-,1
2018-09-14,1.34,2018,9,14,89,-,-,1
2018-09-15,1.23,2018,9,15,89,-,-,1
2018-09-16,0.99,2018,9,16,89,-,-,1
2018-09-17,2.33,2018,9,17,90,2018 9 17,2018 9 23,2
2018-09-18,2.03,2018,9,18,90,-,-,2
2018-09-19,1.72,2018,9,19,90,-,-,2
2018-09-20,2.36,2018,9,20,90,-,-,2
2018-09-21,1.59,2018,9,21,90,-,-,2
2018-09-22,1.03,2018,9,22,90,-,-,2
2018-09-23,0.54,2018,9,23,90,-,-,2
2018-09-24,0.65,2018,9,24,91,2018 9 24,2018 9 30,3
2018-09-25,1.2,2018,9,25,91,-,-,3
2018-09-26,3.61,2018,9,26,91,-,-,3
2018-09-27,2.51,2018,9,27,91,-,-,3
2018-09-28,1.32,2018,9,28,91,-,-,3
2018-09-29,0.8,2018,9,29,91,-,-,3
2018-09-30,0.58,2018,9,30,91,-,-,3
2018-10-01,0.75,2018,10,1,92,2018 10 1,2018 10 7,4
2018-10-02,2.59,2018,10,2,92,-,-,4
2018-10-03,2.95,2018,10,3,92,-,-,4
2018-10-04,5.81,2018,10,4,92,-,-,4
2018-10-05,2.56,2018,10,5,92,-,-,4
2018-10-06,1.58,2018,10,6,92,-,-,4
2018-10-07,1.39,2018,10,7,92,-,-,4
2018-10-08,2.45,2018,10,8,93,2018 10 8,2018 10 14,1
2018-10-09,4.15,2018,10,9,93,-,-,1
2018-10-10,9.18,2018,10,10,93,-,-,1
2018-10-11,6.44,2018,10,11,93,-,-,1
2018-10-12,3.09,2018,10,12,93,-,-,1
2018-10-13,3.73,2018,10,13,93,-,-,1
2018-10-14,1.96,2018,10,14,93,-,-,1
2018-10-15,4.0,2018,10,15,94,2018 10 15,2018 10 21,2
2018-10-16,5.89,2018,10,16,94,-,-,2
2018-10-17,4.65,2018,10,17,94,-,-,2
2018-10-18,3.85,2018,10,18,94,-,-,2
2018-10-19,5.05,2018,10,19,94,-,-,2
2018-10-20,3.56,2018,10,20,94,-,-,2
2018-10-21,2.34,2018,10,21,94,-,-,2
2018-10-22,2.12,2018,10,22,95,2018 10 22,2018 10 28,3
2018-10-23,4.09,2018,10,23,95,-,-,3
2018-10-24,6.61,2018,10,24,95,-,-,3
2018-10-25,6.56,2018,10,25,95,-,-,3
2018-10-26,4.42,2018,10,26,95,-,-,3
2018-10-27,1.46,2018,10,27,95,-,-,3
2018-10-28,1.52,2018,10,28,95,-,-,3
2018-10-29,2.79,2018,10,29,96,2018 10 29,2018 11 4,4
2018-10-30,5.05,2018,10,30,96,-,-,4
2018-10-31,3.39,2018,10,31,96,-,-,4
2018-11-01,2.35,2018,11,1,96,-,-,4
2018-11-02,2.63,2018,11,2,96,-,-,4
2018-11-03,2.24,2018,11,3,96,-,-,4
2018-11-04,2.49,2018,11,4,96,-,-,4
2018-11-05,2.3,2018,11,5,97,2018 11 5,2018 11 11,1
2018-11-06,2.83,2018,11,6,97,-,-,1
2018-11-07,3.15,2018,11,7,97,-,-,1
2018-11-08,5.48,2018,11,8,97,-,-,1
2018-11-09,2.68,2018,11,9,97,-,-,1
2018-11-10,5.15,2018,11,10,97,-,-,1
2018-11-11,5.85,2018,11,11,97,-,-,1
2018-11-12,5.0,2018,11,12,98,2018 11 12,2018 11 18,2
2018-11-13,7.2,2018,11,13,98,-,-,2
2018-11-14,10.41,2018,11,14,98,-,-,2
2018-11-15,11.65,2018,11,15,98,-,-,2
2018-11-16,11.65,2018,11,16,98,-,-,2
2018-11-17,11.16,2018,11,17,98,-,-,2
2018-11-18,5.19,2018,11,18,98,-,-,2
2018-11-19,4.22,2018,11,19,99,2018 11 19,2018 11 25,3
2018-11-20,2.18,2018,11,20,99,-,-,3
2018-11-21,6.82,2018,11,21,99,-,-,3
2018-11-22,6.19,2018,11,22,99,-,-,3
2018-11-23,6.91,2018,11,23,99,-,-,3
2018-11-24,4.47,2018,11,24,99,-,-,3
2018-11-25,2.41,2018,11,25,99,-,-,3
2018-11-26,5.22,2018,11,26,100,2018 11 26,2018 12 2,4
2018-11-27,8.97,2018,11,27,100,-,-,4
2018-11-28,13.32,2018,11,28,100,-,-,4
2018-11-29,9.88,2018,11,29,100,-,-,4
2018-11-30,9.38,2018,11,30,100,-,-,4
2018-12-01,10.05,2018,12,1,100,-,-,4
2018-12-02,11.82,2018,12,2,100,-,-,4
2018-12-03,13.14,2018,12,3,101,2018 12 3,2018 12 9,1
2018-12-04,6.82,2018,12,4,101,-,-,1
2018-12-05,9.23,2018,12,5,101,-,-,1
2018-12-06,8.85,2018,12,6,101,-,-,1
2018-12-07,8.64,2018,12,7,101,-,-,1
2018-12-08,8.03,2018,12,8,101,-,-,1
2018-12-09,4.83,2018,12,9,101,-,-,1
2018-12-10,9.02,2018,12,10,102,2018 12 10,2018 12 16,2
2018-12-11,12.17,2018,12,11,102,-,-,2
2018-12-12,7.68,2018,12,12,102,-,-,2
2018-12-13,2.59,2018,12,13,102,-,-,2
2018-12-14,4.51,2018,12,14,102,-,-,2
2018-12-15,6.81,2018,12,15,102,-,-,2
2018-12-16,2.67,2018,12,16,102,-,-,2
2018-12-17,9.21,2018,12,17,103,2018 12 17,2018 12 23,3
2018-12-18,4.34,2018,12,18,103,-,-,3
2018-12-19,6.18,2018,12,19,103,-,-,3
2018-12-20,11.92,2018,12,20,103,-,-,3
2018-12-21,21.79,2018,12,21,103,-,-,3
2018-12-22,13.27,2018,12,22,103,-,-,3
2018-12-23,8.46,2018,12,23,103,-,-,3
2018-12-24,10.36,2018,12,24,104,2018 12 24,2018 12 30,4
2018-12-25,8.15,2018,12,25,104,-,-,4
2018-12-26,14.01,2018,12,26,104,-,-,4
2018-12-27,10.97,2018,12,27,104,-,-,4
2018-12-28,9.75,2018,12,28,104,-,-,4
2018-12-29,6.78,2018,12,29,104,-,-,4
2018-12-30,5.02,2018,12,30,104,-,-,4
2018-12-31,6.296,2018,12,31,105,2018 12 31,2019 1 6,1
2019-01-01,3.613,2019,1,1,105,-,-,1
2019-01-02,1.958,2019,1,2,105,-,-,1
2019-01-03,7.128,2019,1,3,105,-,-,1
2019-01-04,7.06,2019,1,4,105,-,-,1
2019-01-05,6.421,2019,1,5,105,-,-,1
2019-01-06,5.23,2019,1,6,105,-,-,1
2019-01-07,5.034,2019,1,7,106,2019 1 7,2019 1 13,2
2019-01-08,6.765,2019,1,8,106,-,-,2
2019-01-09,5.998,2019,1,9,106,-,-,2
2019-01-10,5.462,2019,1,10,106,-,-,2
2019-01-11,7.457,2019,1,11,106,-,-,2
2019-01-12,5.55,2019,1,12,106,-,-,2
2019-01-13,4.515,2019,1,13,106,-,-,2
2019-01-14,5.19,2019,1,14,107,2019 1 14,2019 1 20,3
2019-01-15,7.669,2019,1,15,107,-,-,3
2019-01-16,5.384,2019,1,16,107,-,-,3
2019-01-17,4.008,2019,1,17,107,-,-,3
2019-01-18,4.279,2019,1,18,107,-,-,3
2019-01-19,3.596,2019,1,19,107,-,-,3
2019-01-20,1.548,2019,1,20,107,-,-,3
2019-01-21,3.11,2019,1,21,108,2019 1 21,2019 1 27,4
2019-01-22,2.43,2019,1,22,108,-,-,4
2019-01-23,1.377,2019,1,23,108,-,-,4
2019-01-24,1.592,2019,1,24,108,-,-,4
2019-01-25,4.445,2019,1,25,108,-,-,4
2019-01-26,5.518,2019,1,26,108,-,-,4
2019-01-27,1.308,2019,1,27,108,-,-,4
2019-01-28,2.151,2019,1,28,109,2019 1 28,2019 2 3,1
2019-01-29,2.492,2019,1,29,109,-,-,1
2019-01-30,5.403,2019,1,30,109,-,-,1
2019-01-31,4.66,2019,1,31,109,-,-,1
2019-02-01,1.897,2019,2,1,109,-,-,1
2019-02-02,1.545,2019,2,2,109,-,-,1
2019-02-03,2.693,2019,2,3,109,-,-,1
2019-02-04,8.189,2019,2,4,110,2019 2 4,2019 2 10,2
2019-02-05,8.446,2019,2,5,110,-,-,2
2019-02-06,6.548,2019,2,6,110,-,-,2
2019-02-07,4.885,2019,2,7,110,-,-,2
2019-02-08,11.22,2019,2,8,110,-,-,2
2019-02-09,10.5,2019,2,9,110,-,-,2
2019-02-10,3.251,2019,2,10,110,-,-,2
2019-02-11,5.053,2019,2,11,111,2019 2 11,2019 2 17,3
2019-02-12,7.776,2019,2,12,111,-,-,3
2019-02-13,12.6,2019,2,13,111,-,-,3
2019-02-14,13.74,2019,2,14,111,-,-,3
2019-02-15,17.65,2019,2,15,111,-,-,3
2019-02-16,15.85,2019,2,16,111,-,-,3
2019-02-17,9.047,2019,2,17,111,-,-,3
2019-02-18,3.615,2019,2,18,112,2019 2 18,2019 2 24,4
2019-02-19,3.83,2019,2,19,112,-,-,4
2019-02-20,6.681,2019,2,20,112,-,-,4
2019-02-21,7.241,2019,2,21,112,-,-,4
2019-02-22,8.881,2019,2,22,112,-,-,4
2019-02-23,7.771,2019,2,23,112,-,-,4
2019-02-24,3.476,2019,2,24,112,-,-,4
2019-02-25,10.46,2019,2,25,113,2019 2 25,2019 3 3,1
2019-02-26,4.711,2019,2,26,113,-,-,1
2019-02-27,5.842,2019,2,27,113,-,-,1
2019-02-28,3.987,2019,2,28,113,-,-,1
2019-03-01,0.604,2019,3,1,113,-,-,1
2019-03-02,0.445,2019,3,2,113,-,-,1
2019-03-03,0.246,2019,3,3,113,-,-,1
2019-03-04,0.246,2019,3,4,114,2019 3 4,2019 3 10,2
2019-03-05,1.52,2019,3,5,114,-,-,2
2019-03-06,1.53,2019,3,6,114,-,-,2
2019-03-07,1.52,2019,3,7,114,-,-,2
2019-03-08,2.816,2019,3,8,114,-,-,2
2019-03-09,2.816,2019,3,9,114,-,-,2
2019-03-10,1.307,2019,3,10,114,-,-,2
2019-03-11,2.599,2019,3,11,115,2019 3 11,2019 3 17,3
2019-03-12,3.946,2019,3,12,115,-,-,3
2019-03-13,1.864,2019,3,13,115,-,-,3
2019-03-14,1.803,2019,3,14,115,-,-,3
2019-03-15,4.066,2019,3,15,115,-,-,3
2019-03-16,3.946,2019,3,16,115,-,-,3
2019-03-17,1.351,2019,3,17,115,-,-,3
2019-03-18,2.052,2019,3,18,116,2019 3 18,2019 3 24,4
2019-03-19,2.8,2019,3,19,116,-,-,4
2019-03-20,4.08,2019,3,20,116,-,-,4
2019-03-21,4.633,2019,3,21,116,-,-,4
2019-03-22,5.278,2019,3,22,116,-,-,4
2019-03-23,3.616,2019,3,23,116,-,-,4
2019-03-24,2.638,2019,3,24,116,-,-,4
2019-03-25,2.683,2019,3,25,117,2019 3 25,2019 3 31,1
2019-03-26,2.076,2019,3,26,117,-,-,1
2019-03-27,3.0,2019,3,27,117,-,-,1
2019-03-28,2.516,2019,3,28,117,-,-,1
2019-03-29,3.121,2019,3,29,117,-,-,1
2019-03-30,4.494,2019,3,30,117,-,-,1
2019-03-31,2.747,2019,3,31,117,-,-,1
2019-04-01,4.183,2019,4,1,118,2019 4 1,2019 4 7,2
2019-04-02,2.564,2019,4,2,118,-,-,2
2019-04-03,1.067,2019,4,3,118,-,-,2
2019-04-04,2.595,2019,4,4,118,-,-,2
2019-04-05,2.409,2019,4,5,118,-,-,2
2019-04-06,2.49,2019,4,6,118,-,-,2
2019-04-07,1.187,2019,4,7,118,-,-,2
2019-04-08,2.386,2019,4,8,119,2019 4 8,2019 4 14,3
2019-04-09,4.216,2019,4,9,119,-,-,3
2019-04-10,1.355,2019,4,10,119,-,-,3
2019-04-11,2.578,2019,4,11,119,-,-,3
2019-04-12,3.801,2019,4,12,119,-,-,3
2019-04-13,3.71,2019,4,13,119,-,-,3
2019-04-14,2.37,2019,4,14,119,-,-,3
2019-04-15,3.238,2019,4,15,120,2019 4 15,2019 4 21,4
2019-04-16,3.238,2019,4,16,120,-,-,4
2019-04-17,4.106,2019,4,17,120,-,-,4
2019-04-18,1.79,2019,4,18,120,-,-,4
2019-04-19,1.751,2019,4,19,120,-,-,4
2019-04-20,3.092,2019,4,20,120,-,-,4
2019-04-21,1.416,2019,4,21,120,-,-,4
2019-04-22,2.274,2019,4,22,121,2019 4 22,2019 4 28,1
2019-04-23,1.336,2019,4,23,121,-,-,1
2019-04-24,2.089,2019,4,24,121,-,-,1
2019-04-25,2.111,2019,4,25,121,-,-,1
2019-04-26,1.204,2019,4,26,121,-,-,1
2019-04-27,1.141,2019,4,27,121,-,-,1
2019-04-28,0.845,2019,4,28,121,-,-,1
2019-04-29,2.868,2019,4,29,122,2019 4 29,2019 5 5,2
2019-04-30,4.025,2019,4,30,122,-,-,2
2019-05-01,1.558,2019,5,1,122,-,-,2
2019-05-02,2.324,2019,5,2,122,-,-,2
2019-05-03,1.672,2019,5,3,122,-,-,2
2019-05-04,1.435,2019,5,4,122,-,-,2
2019-05-05,0.41,2019,5,5,122,-,-,2
2019-05-06,2.091,2019,5,6,123,2019 5 6,2019 5 12,3
2019-05-07,3.586,2019,5,7,123,-,-,3
2019-05-08,1.45,2019,5,8,123,-,-,3
2019-05-09,3.327,2019,5,9,123,-,-,3
2019-05-10,3.609,2019,5,10,123,-,-,3
2019-05-11,0.964,2019,5,11,123,-,-,3
2019-05-12,0.867,2019,5,12,123,-,-,3
2019-05-13,1.809,2019,5,13,124,2019 5 13,2019 5 19,4
2019-05-14,2.806,2019,5,14,124,-,-,4
2019-05-15,3.822,2019,5,15,124,-,-,4
2019-05-16,1.51,2019,5,16,124,-,-,4
2019-05-17,1.595,2019,5,17,124,-,-,4
2019-05-18,1.305,2019,5,18,124,-,-,4
2019-05-19,0.959,2019,5,19,124,-,-,4
2019-05-20,2.284,2019,5,20,125,2019 5 20,2019 5 26,1
2019-05-21,2.151,2019,5,21,125,-,-,1
2019-05-22,2.017,2019,5,22,125,-,-,1
2019-05-23,1.349,2019,5,23,125,-,-,1
2019-05-24,1.115,2019,5,24,125,-,-,1
2019-05-25,0.697,2019,5,25,125,-,-,1
2019-05-26,0.625,2019,5,26,125,-,-,1
2019-05-27,0.91,2019,5,27,126,2019 5 27,2019 6 2,2
2019-05-28,0.984,2019,5,28,126,-,-,2
2019-05-29,1.405,2019,5,29,126,-,-,2
2019-05-30,1.195,2019,5,30,126,-,-,2
2019-05-31,1.501,2019,5,31,126,-,-,2
2019-06-01,1.806,2019,6,1,126,-,-,2
2019-06-02,1.345,2019,6,2,126,-,-,2
2019-06-03,1.28,2019,6,3,127,2019 6 3,2019 6 9,3
2019-06-04,2.188,2019,6,4,127,-,-,3
2019-06-05,0.954,2019,6,5,127,-,-,3
2019-06-06,1.139,2019,6,6,127,-,-,3
2019-06-07,0.605,2019,6,7,127,-,-,3
2019-06-08,1.158,2019,6,8,127,-,-,3
2019-06-09,0.752,2019,6,9,127,-,-,3
2019-06-10,0.868,2019,6,10,128,2019 6 10,2019 6 16,4
2019-06-11,0.477,2019,6,11,128,-,-,4
2019-06-12,0.933,2019,6,12,128,-,-,4
2019-06-13,1.479,2019,6,13,128,-,-,4
2019-06-14,1.628,2019,6,14,128,-,-,4
2019-06-15,0.724,2019,6,15,128,-,-,4
2019-06-16,0.669,2019,6,16,128,-,-,4
2019-06-17,1.168,2019,6,17,129,2019 6 17,2019 6 23,1
2019-06-18,2.07,2019,6,18,129,-,-,1
2019-06-19,1.894,2019,6,19,129,-,-,1
2019-06-20,0.924,2019,6,20,129,-,-,1
2019-06-21,0.651,2019,6,21,129,-,-,1
2019-06-22,1.127,2019,6,22,129,-,-,1
2019-06-23,1.044,2019,6,23,129,-,-,1
2019-06-24,2.093,2019,6,24,130,2019 6 24,2019 6 30,2
2019-06-25,1.795,2019,6,25,130,-,-,2
2019-06-26,1.159,2019,6,26,130,-,-,2
2019-06-27,1.455,2019,6,27,130,-,-,2
2019-06-28,1.094,2019,6,28,130,-,-,2
2019-06-29,0.86,2019,6,29,130,-,-,2
2019-06-30,0.538,2019,6,30,130,-,-,2
2019-07-01,1.004,2019,7,1,131,2019 7 1,2019 7 7,3
2019-07-02,1.004,2019,7,2,131,-,-,3
2019-07-03,1.47,2019,7,3,131,-,-,3
2019-07-04,2.033,2019,7,4,131,-,-,3
2019-07-05,0.338,2019,7,5,131,-,-,3
2019-07-06,0.412,2019,7,6,131,-,-,3
2019-07-07,0.537,2019,7,7,131,-,-,3
2019-07-08,0.935,2019,7,8,132,2019 7 8,2019 7 14,4
2019-07-09,1.411,2019,7,9,132,-,-,4
2019-07-10,2.0,2019,7,10,132,-,-,4
2019-07-11,2.877,2019,7,11,132,-,-,4
2019-07-12,1.402,2019,7,12,132,-,-,4
2019-07-13,0.63,2019,7,13,132,-,-,4
2019-07-14,0.55,2019,7,14,132,-,-,4
2019-07-15,1.383,2019,7,15,133,2019 7 15,2019 7 21,1
2019-07-16,1.311,2019,7,16,133,-,-,1
2019-07-17,1.505,2019,7,17,133,-,-,1
2019-07-18,1.386,2019,7,18,133,-,-,1
2019-07-19,1.606,2019,7,19,133,-,-,1
2019-07-20,1.067,2019,7,20,133,-,-,1
2019-07-21,0.677,2019,7,21,133,-,-,1
2019-07-22,1.182,2019,7,22,134,2019 7 22,2019 7 28,2
2019-07-23,1.731,2019,7,23,134,-,-,2
2019-07-24,2.112,2019,7,24,134,-,-,2
2019-07-25,3.068,2019,7,25,134,-,-,2
2019-07-26,1.009,2019,7,26,134,-,-,2
2019-07-27,0.833,2019,7,27,134,-,-,2
2019-07-28,0.965,2019,7,28,134,-,-,2
2019-07-29,1.402,2019,7,29,135,2019 7 29,2019 8 4,3
2019-07-30,1.007,2019,7,30,135,-,-,3
2019-07-31,1.351,2019,7,31,135,-,-,3
2019-08-01,1.355,2019,8,1,135,-,-,3
2019-08-02,1.797,2019,8,2,135,-,-,3
2019-08-03,1.582,2019,8,3,135,-,-,3
2019-08-04,1.144,2019,8,4,135,-,-,3
2019-08-05,1.519,2019,8,5,136,2019 8 5,2019 8 11,4
2019-08-06,1.698,2019,8,6,136,-,-,4
2019-08-07,2.192,2019,8,7,136,-,-,4
2019-08-08,2.041,2019,8,8,136,-,-,4
2019-08-09,1.757,2019,8,9,136,-,-,4
2019-08-10,1.7,2019,8,10,136,-,-,4
2019-08-11,1.57,2019,8,11,136,-,-,4
2019-08-12,1.58,2019,8,12,137,2019 8 12,2019 8 18,1
2019-08-13,1.457,2019,8,13,137,-,-,1
2019-08-14,1.39,2019,8,14,137,-,-,1
2019-08-15,1.3,2019,8,15,137,-,-,1
2019-08-16,1.157,2019,8,16,137,-,-,1
2019-08-17,1.157,2019,8,17,137,-,-,1
2019-08-18,1.013,2019,8,18,137,-,-,1
2019-08-19,0.669,2019,8,19,138,2019 8 19,2019 8 25,2
2019-08-20,0.736,2019,8,20,138,-,-,2
2019-08-21,1.261,2019,8,21,138,-,-,2
2019-08-22,1.329,2019,8,22,138,-,-,2
2019-08-23,2.967,2019,8,23,138,-,-,2
2019-08-24,1.296,2019,8,24,138,-,-,2
2019-08-25,0.567,2019,8,25,138,-,-,2
2019-08-26,1.128,2019,8,26,139,2019 8 26,2019 9 1,3
2019-08-27,1.596,2019,8,27,139,-,-,3
2019-08-28,1.439,2019,8,28,139,-,-,3
2019-08-29,1.42,2019,8,29,139,-,-,3
2019-08-30,1.934,2019,8,30,139,-,-,3
2019-08-31,1.22,2019,8,31,139,-,-,3
2019-09-01,0.55,2019,9,1,139,-,-,3
2019-09-02,0.822,2019,9,2,140,2019 9 2,2019 9 8,4
2019-09-03,1.745,2019,9,3,140,-,-,4
2019-09-04,1.822,2019,9,4,140,-,-,4
2019-09-05,1.997,2019,9,5,140,-,-,4
2019-09-06,2.04,2019,9,6,140,-,-,4
2019-09-07,1.414,2019,9,7,140,-,-,4
2019-09-08,1.212,2019,9,8,140,-,-,4
2019-09-09,1.117,2019,9,9,141,2019 9 9,2019 9 15,1
2019-09-10,1.153,2019,9,10,141,-,-,1
2019-09-11,1.472,2019,9,11,141,-,-,1
2019-09-12,2.157,2019,9,12,141,-,-,1
2019-09-13,1.885,2019,9,13,141,-,-,1
2019-09-14,1.427,2019,9,14,141,-,-,1
2019-09-15,0.918,2019,9,15,141,-,-,1
2019-09-16,2.005,2019,9,16,142,2019 9 16,2019 9 22,2
2019-09-17,3.008,2019,9,17,142,-,-,2
2019-09-18,2.038,2019,9,18,142,-,-,2
2019-09-19,1.353,2019,9,19,142,-,-,2
2019-09-20,2.478,2019,9,20,142,-,-,2
2019-09-21,1.36,2019,9,21,142,-,-,2
2019-09-22,1.462,2019,9,22,142,-,-,2
2019-09-23,2.758,2019,9,23,143,2019 9 23,2019 9 29,3
2019-09-24,3.033,2019,9,24,143,-,-,3
2019-09-25,3.965,2019,9,25,143,-,-,3
2019-09-26,3.068,2019,9,26,143,-,-,3
2019-09-27,2.268,2019,9,27,143,-,-,3
2019-09-28,2.032,2019,9,28,143,-,-,3
2019-09-29,2.087,2019,9,29,143,-,-,3
2019-09-30,2.183,2019,9,30,144,2019 9 30,2019 10 6,4
2019-10-01,1.113,2019,10,1,144,-,-,4
2019-10-02,1.364,2019,10,2,144,-,-,4
2019-10-03,2.182,2019,10,3,144,-,-,4
2019-10-04,1.887,2019,10,4,144,-,-,4
2019-10-05,2.344,2019,10,5,144,-,-,4
2019-10-06,1.575,2019,10,6,144,-,-,4
2019-10-07,3.327,2019,10,7,145,2019 10 7,2019 10 13,1
2019-10-08,3.127,2019,10,8,145,-,-,1
2019-10-09,3.127,2019,10,9,145,-,-,1
2019-10-10,2.927,2019,10,10,145,-,-,1
2019-10-11,4.526,2019,10,11,145,-,-,1
2019-10-12,1.683,2019,10,12,145,-,-,1
2019-10-13,1.459,2019,10,13,145,-,-,1
2019-10-14,1.614,2019,10,14,146,2019 10 14,2019 10 20,2
2019-10-15,3.571,2019,10,15,146,-,-,2
2019-10-16,4.043,2019,10,16,146,-,-,2
2019-10-17,3.257,2019,10,17,146,-,-,2
2019-10-18,3.387,2019,10,18,146,-,-,2
2019-10-19,1.431,2019,10,19,146,-,-,2
2019-10-20,1.419,2019,10,20,146,-,-,2
2019-10-21,2.226,2019,10,21,147,2019 10 21,2019 10 27,3
2019-10-22,2.251,2019,10,22,147,-,-,3
2019-10-23,2.28,2019,10,23,147,-,-,3
2019-10-24,5.14,2019,10,24,147,-,-,3
2019-10-25,4.327,2019,10,25,147,-,-,3
2019-10-26,8.147,2019,10,26,147,-,-,3
2019-10-27,4.373,2019,10,27,147,-,-,3
2019-10-28,7.164,2019,10,28,148,2019 10 28,2019 11 3,4
2019-10-29,7.117,2019,10,29,148,-,-,4
2019-10-30,6.994,2019,10,30,148,-,-,4
2019-10-31,4.293,2019,10,31,148,-,-,4
2019-11-01,4.503,2019,11,1,148,-,-,4
2019-11-02,1.416,2019,11,2,148,-,-,4
2019-11-03,0.939,2019,11,3,148,-,-,4
2019-11-04,2.577,2019,11,4,149,2019 11 4,2019 11 10,1
2019-11-05,1.386,2019,11,5,149,-,-,1
2019-11-06,2.546,2019,11,6,149,-,-,1
2019-11-07,1.525,2019,11,7,149,-,-,1
2019-11-08,1.911,2019,11,8,149,-,-,1
2019-11-09,1.135,2019,11,9,149,-,-,1
2019-11-10,1.32,2019,11,10,149,-,-,1
2019-11-11,1.472,2019,11,11,150,2019 11 11,2019 11 17,2
2019-11-12,2.291,2019,11,12,150,-,-,2
2019-11-13,1.637,2019,11,13,150,-,-,2
2019-11-14,1.213,2019,11,14,150,-,-,2
2019-11-15,1.546,2019,11,15,150,-,-,2
2019-11-16,1.712,2019,11,16,150,-,-,2
2019-11-17,1.548,2019,11,17,150,-,-,2
2019-11-18,2.859,2019,11,18,151,2019 11 18,2019 11 24,3
2019-11-19,5.049,2019,11,19,151,-,-,3
2019-11-20,5.542,2019,11,20,151,-,-,3
2019-11-21,6.035,2019,11,21,151,-,-,3
2019-11-22,2.221,2019,11,22,151,-,-,3
2019-11-23,1.445,2019,11,23,151,-,-,3
2019-11-24,3.831,2019,11,24,151,-,-,3
2019-11-25,6.932,2019,11,25,152,2019 11 25,2019 12 1,4
2019-11-26,3.415,2019,11,26,152,-,-,4
2019-11-27,4.012,2019,11,27,152,-,-,4
2019-11-28,4.012,2019,11,28,152,-,-,4
2019-11-29,4.609,2019,11,29,152,-,-,4
2019-11-30,2.814,2019,11,30,152,-,-,4
2019-12-01,1.796,2019,12,1,152,-,-,4
2019-12-02,2.864,2019,12,2,153,2019 12 2,2019 12 8,1
2019-12-03,3.187,2019,12,3,153,-,-,1
2019-12-04,4.923,2019,12,4,153,-,-,1
2019-12-05,8.416,2019,12,5,153,-,-,1
2019-12-06,5.648,2019,12,6,153,-,-,1
2019-12-07,5.245,2019,12,7,153,-,-,1
2019-12-08,2.242,2019,12,8,153,-,-,1
2019-12-09,3.494,2019,12,9,154,2019 12 9,2019 12 15,2
2019-12-10,11.61,2019,12,10,154,-,-,2
2019-12-11,2.408,2019,12,11,154,-,-,2
2019-12-12,1.38,2019,12,12,154,-,-,2
2019-12-13,0.799,2019,12,13,154,-,-,2
2019-12-14,7.314,2019,12,14,154,-,-,2
2019-12-15,1.333,2019,12,15,154,-,-,2
2019-12-16,1.33,2019,12,16,155,2019 12 16,2019 12 22,3
2019-12-17,2.581,2019,12,17,155,-,-,3
2019-12-18,2.182,2019,12,18,155,-,-,3
2019-12-19,2.842,2019,12,19,155,-,-,3
2019-12-20,4.008,2019,12,20,155,-,-,3
2019-12-21,2.906,2019,12,21,155,-,-,3
2019-12-22,0.683,2019,12,22,155,-,-,3
2019-12-23,8.552,2019,12,23,156,2019 12 23,2019 12 29,4
2019-12-24,8.065,2019,12,24,156,-,-,4
2019-12-25,9.018,2019,12,25,156,-,-,4
2019-12-26,6.188,2019,12,26,156,-,-,4
2019-12-27,6.372,2019,12,27,156,-,-,4
2019-12-28,11.52,2019,12,28,156,-,-,4
2019-12-29,10.71,2019,12,29,156,-,-,4
2019-12-30,13.1,2019,12,30,157,2019 12 30,2020 1 5,1
2019-12-31,4.98,2019,12,31,157,-,-,1
2020-01-01,3.68,2020,1,1,157,-,-,1
2020-01-02,4.85,2020,1,2,157,-,-,1
2020-01-03,8.37,2020,1,3,157,-,-,1
2020-01-04,3.29,2020,1,4,157,-,-,1
2020-01-05,4.52,2020,1,5,157,-,-,1
2020-01-06,4.87,2020,1,6,158,2020 1 6,2020 1 12,2
2020-01-07,8.17,2020,1,7,158,-,-,2
2020-01-08,10.49,2020,1,8,158,-,-,2
2020-01-09,4.37,2020,1,9,158,-,-,2
2020-01-10,3.0,2020,1,10,158,-,-,2
2020-01-11,5.08,2020,1,11,158,-,-,2
2020-01-12,4.65,2020,1,12,158,-,-,2
2020-01-13,9.34,2020,1,13,159,2020 1 13,2020 1 19,3
2020-01-14,2.31,2020,1,14,159,-,-,3
2020-01-15,1.96,2020,1,15,159,-,-,3
2020-01-16,1.6,2020,1,16,159,-,-,3
2020-01-17,1.66,2020,1,17,159,-,-,3
2020-01-18,2.85,2020,1,18,159,-,-,3
2020-01-19,0.48,2020,1,19,159,-,-,3
2020-01-20,1.13,2020,1,20,160,2020 1 20,2020 1 26,4
2020-01-21,2.34,2020,1,21,160,-,-,4
2020-01-22,5.13,2020,1,22,160,-,-,4
2020-01-23,4.13,2020,1,23,160,-,-,4
2020-01-24,5.1,2020,1,24,160,-,-,4
2020-01-25,3.67,2020,1,25,160,-,-,4
2020-01-26,3.97,2020,1,26,160,-,-,4
2020-01-27,3.35,2020,1,27,161,2020 1 27,2020 2 2,1
2020-01-28,2.96,2020,1,28,161,-,-,1
2020-01-29,7.31,2020,1,29,161,-,-,1
2020-01-30,11.16,2020,1,30,161,-,-,1
2020-01-31,10.92,2020,1,31,161,-,-,1
2020-02-01,7.49,2020,2,1,161,-,-,1
2020-02-02,10.14,2020,2,2,161,-,-,1
2020-02-03,12.04,2020,2,3,162,2020 2 3,2020 2 9,2
2020-02-04,3.36,2020,2,4,162,-,-,2
2020-02-05,1.61,2020,2,5,162,-,-,2
2020-02-06,6.08,2020,2,6,162,-,-,2
2020-02-07,5.47,2020,2,7,162,-,-,2
2020-02-08,2.81,2020,2,8,162,-,-,2
2020-02-09,4.56,2020,2,9,162,-,-,2
2020-02-10,6.0,2020,2,10,163,2020 2 10,2020 2 16,3
2020-02-11,3.24,2020,2,11,163,-,-,3
2020-02-12,2.45,2020,2,12,163,-,-,3
2020-02-13,2.41,2020,2,13,163,-,-,3
2020-02-14,3.74,2020,2,14,163,-,-,3
2020-02-15,3.56,2020,2,15,163,-,-,3
2020-02-16,9.34,2020,2,16,163,-,-,3
2020-02-17,1.4,2020,2,17,164,2020 2 17,2020 2 23,4
2020-02-18,3.81,2020,2,18,164,-,-,4
2020-02-19,3.02,2020,2,19,164,-,-,4
2020-02-20,2.65,2020,2,20,164,-,-,4
2020-02-21,3.27,2020,2,21,164,-,-,4
2020-02-22,2.87,2020,2,22,164,-,-,4
2020-02-23,1.78,2020,2,23,164,-,-,4
2020-02-24,1.99,2020,2,24,165,2020 2 24,2020 3 1,1
2020-02-25,1.6,2020,2,25,165,-,-,1
2020-02-26,1.15,2020,2,26,165,-,-,1
2020-02-27,1.71,2020,2,27,165,-,-,1
2020-02-28,5.64,2020,2,28,165,-,-,1
2020-02-29,0.59,2020,2,29,165,-,-,1
2020-03-01,1.08,2020,3,1,165,-,-,1
2020-03-02,1.18,2020,3,2,166,2020 3 2,2020 3 8,2
2020-03-03,1.09,2020,3,3,166,-,-,2
2020-03-04,4.47,2020,3,4,166,-,-,2
2020-03-05,2.18,2020,3,5,166,-,-,2
2020-03-06,1.07,2020,3,6,166,-,-,2
2020-03-07,1.57,2020,3,7,166,-,-,2
2020-03-08,1.09,2020,3,8,166,-,-,2
2020-03-09,1.71,2020,3,9,167,2020 3 9,2020 3 15,3
2020-03-10,3.19,2020,3,10,167,-,-,3
2020-03-11,2.96,2020,3,11,167,-,-,3
2020-03-12,1.13,2020,3,12,167,-,-,3
2020-03-13,0.89,2020,3,13,167,-,-,3
2020-03-14,1.49,2020,3,14,167,-,-,3
2020-03-15,0.93,2020,3,15,167,-,-,3
2020-03-16,0.7,2020,3,16,168,2020 3 16,2020 3 22,4
2020-03-17,1.47,2020,3,17,168,-,-,4
2020-03-18,1.27,2020,3,18,168,-,-,4
2020-03-19,1.94,2020,3,19,168,-,-,4
2020-03-20,2.2,2020,3,20,168,-,-,4
2020-03-21,1.04,2020,3,21,168,-,-,4
2020-03-22,0.4,2020,3,22,168,-,-,4
2020-03-23,0.35,2020,3,23,169,2020 3 23,2020 3 29,1
2020-03-24,1.29,2020,3,24,169,-,-,1
2020-03-25,1.85,2020,3,25,169,-,-,1
2020-03-26,0.98,2020,3,26,169,-,-,1
2020-03-27,0.56,2020,3,27,169,-,-,1
2020-03-28,0.91,2020,3,28,169,-,-,1
2020-03-29,0.72,2020,3,29,169,-,-,1
2020-03-30,0.27,2020,3,30,170,2020 3 30,2020 4 5,2
2020-03-31,0.52,2020,3,31,170,-,-,2
2020-04-01,0.82,2020,4,1,170,-,-,2
2020-04-02,0.41,2020,4,2,170,-,-,2
2020-04-03,0.46,2020,4,3,170,-,-,2
2020-04-04,1.21,2020,4,4,170,-,-,2
2020-04-05,0.32,2020,4,5,170,-,-,2
2020-04-06,0.29,2020,4,6,171,2020 4 6,2020 4 12,3
2020-04-07,0.86,2020,4,7,171,-,-,3
2020-04-08,0.93,2020,4,8,171,-,-,3
2020-04-09,1.02,2020,4,9,171,-,-,3
2020-04-10,0.59,2020,4,10,171,-,-,3
2020-04-11,0.3,2020,4,11,171,-,-,3
2020-04-12,0.22,2020,4,12,171,-,-,3
2020-04-13,0.64,2020,4,13,172,2020 4 13,2020 4 19,4
2020-04-14,1.23,2020,4,14,172,-,-,4
2020-04-15,1.06,2020,4,15,172,-,-,4
2020-04-16,1.49,2020,4,16,172,-,-,4
2020-04-17,1.15,2020,4,17,172,-,-,4
2020-04-18,0.66,2020,4,18,172,-,-,4
2020-04-19,0.32,2020,4,19,172,-,-,4
2020-04-20,0.61,2020,4,20,173,2020 4 20,2020 4 26,1
2020-04-21,0.53,2020,4,21,173,-,-,1
2020-04-22,0.74,2020,4,22,173,-,-,1
2020-04-23,0.89,2020,4,23,173,-,-,1
2020-04-24,1.1,2020,4,24,173,-,-,1
2020-04-25,0.63,2020,4,25,173,-,-,1
2020-04-26,0.4,2020,4,26,173,-,-,1
2020-04-27,0.63,2020,4,27,174,2020 4 27,2020 5 3,2
2020-04-28,0.59,2020,4,28,174,-,-,2
2020-04-29,1.68,2020,4,29,174,-,-,2
2020-04-30,0.99,2020,4,30,174,-,-,2
2020-05-01,0.49,2020,5,1,174,-,-,2
2020-05-02,0.6,2020,5,2,174,-,-,2
2020-05-03,0.66,2020,5,3,174,-,-,2
2020-05-04,4.13,2020,5,4,175,2020 5 4,2020 5 10,3
2020-05-05,1.28,2020,5,5,175,-,-,3
2020-05-06,0.85,2020,5,6,175,-,-,3
2020-05-07,1.06,2020,5,7,175,-,-,3
2020-05-08,1.19,2020,5,8,175,-,-,3
2020-05-09,0.47,2020,5,9,175,-,-,3
2020-05-10,0.33,2020,5,10,175,-,-,3
2020-05-11,0.91,2020,5,11,176,2020 5 11,2020 5 17,4
2020-05-12,0.36,2020,5,12,176,-,-,4
2020-05-13,0.54,2020,5,13,176,-,-,4
2020-05-14,0.34,2020,5,14,176,-,-,4
2020-05-15,0.68,2020,5,15,176,-,-,4
2020-05-16,1.19,2020,5,16,176,-,-,4
2020-05-17,1.19,2020,5,17,176,-,-,4
2020-05-18,1.7,2020,5,18,177,2020 5 18,2020 5 24,1
2020-05-19,1.34,2020,5,19,177,-,-,1
2020-05-20,2.44,2020,5,20,177,-,-,1
2020-05-21,1.21,2020,5,21,177,-,-,1
2020-05-22,0.91,2020,5,22,177,-,-,1
2020-05-23,0.64,2020,5,23,177,-,-,1
2020-05-24,0.22,2020,5,24,177,-,-,1
2020-05-25,0.64,2020,5,25,178,2020 5 25,2020 5 31,2
2020-05-26,0.81,2020,5,26,178,-,-,2
2020-05-27,1.09,2020,5,27,178,-,-,2
2020-05-28,2.38,2020,5,28,178,-,-,2
2020-05-29,1.67,2020,5,29,178,-,-,2
2020-05-30,1.37,2020,5,30,178,-,-,2
2020-05-31,1.07,2020,5,31,178,-,-,2
2020-06-01,3.22,2020,6,1,179,2020 6 1,2020 6 7,3
2020-06-02,1.2,2020,6,2,179,-,-,3
2020-06-03,0.75,2020,6,3,179,-,-,3
2020-06-04,0.33,2020,6,4,179,-,-,3
2020-06-05,0.49,2020,6,5,179,-,-,3
2020-06-06,0.51,2020,6,6,179,-,-,3
2020-06-07,0.5,2020,6,7,179,-,-,3
2020-06-08,0.51,2020,6,8,180,2020 6 8,2020 6 14,4
2020-06-09,0.52,2020,6,9,180,-,-,4
2020-06-10,0.7,2020,6,10,180,-,-,4
2020-06-11,0.74,2020,6,11,180,-,-,4
2020-06-12,0.47,2020,6,12,180,-,-,4
2020-06-13,0.38,2020,6,13,180,-,-,4
2020-06-14,0.51,2020,6,14,180,-,-,4
2020-06-15,0.68,2020,6,15,181,2020 6 15,2020 6 21,1
2020-06-16,0.58,2020,6,16,181,-,-,1
2020-06-17,0.85,2020,6,17,181,-,-,1
2020-06-18,1.25,2020,6,18,181,-,-,1
2020-06-19,1.65,2020,6,19,181,-,-,1
2020-06-20,1.49,2020,6,20,181,-,-,1
2020-06-21,0.72,2020,6,21,181,-,-,1
2020-06-22,1.11,2020,6,22,182,2020 6 22,2020 6 28,2
2020-06-23,3.14,2020,6,23,182,-,-,2
2020-06-24,1.44,2020,6,24,182,-,-,2
2020-06-25,1.17,2020,6,25,182,-,-,2
2020-06-26,0.9,2020,6,26,182,-,-,2
2020-06-27,0.84,2020,6,27,182,-,-,2
2020-06-28,0.32,2020,6,28,182,-,-,2
2020-06-29,0.56,2020,6,29,183,2020 6 29,2020 7 5,3
2020-06-30,1.05,2020,6,30,183,-,-,3
2020-07-01,0.56,2020,7,1,183,-,-,3
2020-07-02,0.76,2020,7,2,183,-,-,3
2020-07-03,0.61,2020,7,3,183,-,-,3
2020-07-04,0.78,2020,7,4,183,-,-,3
2020-07-05,0.73,2020,7,5,183,-,-,3
2020-07-06,0.44,2020,7,6,184,2020 7 6,2020 7 12,4
2020-07-07,0.4,2020,7,7,184,-,-,4
2020-07-08,0.69,2020,7,8,184,-,-,4
2020-07-09,0.84,2020,7,9,184,-,-,4
2020-07-10,1.28,2020,7,10,184,-,-,4
2020-07-11,0.22,2020,7,11,184,-,-,4
2020-07-12,0.27,2020,7,12,184,-,-,4
2020-07-13,0.6,2020,7,13,185,2020 7 13,2020 7 19,1
2020-07-14,0.6,2020,7,14,185,-,-,1
2020-07-15,0.5,2020,7,15,185,-,-,1
2020-07-16,0.5,2020,7,16,185,-,-,1
2020-07-17,0.52,2020,7,17,185,-,-,1
2020-07-18,0.76,2020,7,18,185,-,-,1
2020-07-19,0.79,2020,7,19,185,-,-,1
2020-07-20,0.64,2020,7,20,186,2020 7 20,2020 7 26,2
2020-07-21,0.56,2020,7,21,186,-,-,2
2020-07-22,0.97,2020,7,22,186,-,-,2
2020-07-23,0.77,2020,7,23,186,-,-,2
2020-07-24,0.5,2020,7,24,186,-,-,2
2020-07-25,0.73,2020,7,25,186,-,-,2
2020-07-26,0.97,2020,7,26,186,-,-,2
2020-07-27,1.21,2020,7,27,187,2020 7 27,2020 8 2,3
2020-07-28,0.48,2020,7,28,187,-,-,3
2020-07-29,0.91,2020,7,29,187,-,-,3
2020-07-30,0.69,2020,7,30,187,-,-,3
2020-07-31,1.01,2020,7,31,187,-,-,3
2020-08-01,1.32,2020,8,1,187,-,-,3
2020-08-02,2.25,2020,8,2,187,-,-,3
2020-08-03,1.21,2020,8,3,188,2020 8 3,2020 8 9,4
2020-08-04,0.32,2020,8,4,188,-,-,4
2020-08-05,0.43,2020,8,5,188,-,-,4
2020-08-06,0.51,2020,8,6,188,-,-,4
2020-08-07,1.26,2020,8,7,188,-,-,4
2020-08-08,1.02,2020,8,8,188,-,-,4
2020-08-09,0.53,2020,8,9,188,-,-,4
2020-08-10,0.55,2020,8,10,189,2020 8 10,2020 8 16,1
2020-08-11,1.49,2020,8,11,189,-,-,1
2020-08-12,1.22,2020,8,12,189,-,-,1
2020-08-13,0.69,2020,8,13,189,-,-,1
2020-08-14,0.79,2020,8,14,189,-,-,1
2020-08-15,1.07,2020,8,15,189,-,-,1
2020-08-16,0.23,2020,8,16,189,-,-,1
2020-08-17,1.1,2020,8,17,190,2020 8 17,2020 8 23,2
2020-08-18,0.91,2020,8,18,190,-,-,2
2020-08-19,0.71,2020,8,19,190,-,-,2
2020-08-20,0.35,2020,8,20,190,-,-,2
2020-08-21,0.85,2020,8,21,190,-,-,2
2020-08-22,0.33,2020,8,22,190,-,-,2
2020-08-23,0.31,2020,8,23,190,-,-,2
2020-08-24,0.61,2020,8,24,191,2020 8 24,2020 8 30,3
2020-08-25,1.32,2020,8,25,191,-,-,3
2020-08-26,2.25,2020,8,26,191,-,-,3
2020-08-27,1.21,2020,8,27,191,-,-,3
2020-08-28,0.32,2020,8,28,191,-,-,3
2020-08-29,0.43,2020,8,29,191,-,-,3
2020-08-30,0.51,2020,8,30,191,-,-,3
2020-08-31,1.26,2020,8,31,192,2020 8 31,2020 9 6,4
2020-09-01,1.21,2020,9,1,192,-,-,4
2020-09-02,4.67,2020,9,2,192,-,-,4
2020-09-03,3.07,2020,9,3,192,-,-,4
2020-09-04,1.87,2020,9,4,192,-,-,4
2020-09-05,0.18,2020,9,5,192,-,-,4
2020-09-06,0.28,2020,9,6,192,-,-,4
2020-09-07,0.72,2020,9,7,193,2020 9 7,2020 9 13,1
2020-09-08,0.7,2020,9,8,193,-,-,1
2020-09-09,1.01,2020,9,9,193,-,-,1
2020-09-10,0.89,2020,9,10,193,-,-,1
2020-09-11,0.64,2020,9,11,193,-,-,1
2020-09-12,0.53,2020,9,12,193,-,-,1
2020-09-13,1.49,2020,9,13,193,-,-,1
2020-09-14,1.89,2020,9,14,194,2020 9 14,2020 9 20,2
2020-09-15,1.22,2020,9,15,194,-,-,2
2020-09-16,1.01,2020,9,16,194,-,-,2
2020-09-17,2.03,2020,9,17,194,-,-,2
2020-09-18,1.18,2020,9,18,194,-,-,2
2020-09-19,1.39,2020,9,19,194,-,-,2
2020-09-20,0.67,2020,9,20,194,-,-,2
2020-09-21,1.45,2020,9,21,195,2020 9 21,2020 9 27,3
2020-09-22,1.45,2020,9,22,195,-,-,3
2020-09-23,1.1,2020,9,23,195,-,-,3
2020-09-24,0.85,2020,9,24,195,-,-,3
2020-09-25,0.6,2020,9,25,195,-,-,3
2020-09-26,0.67,2020,9,26,195,-,-,3
2020-09-27,0.34,2020,9,27,195,-,-,3
2020-09-28,1.01,2020,9,28,196,2020 9 28,2020 10 4,4
2020-09-29,2.58,2020,9,29,196,-,-,4
2020-09-30,1.6,2020,9,30,196,-,-,4
2020-10-01,1.6,2020,10,1,196,-,-,4
2020-10-02,0.62,2020,10,2,196,-,-,4
2020-10-03,0.66,2020,10,3,196,-,-,4
2020-10-04,0.68,2020,10,4,196,-,-,4
2020-10-05,1.6,2020,10,5,197,2020 10 5,2020 10 11,1
2020-10-06,1.3,2020,10,6,197,-,-,1
2020-10-07,0.85,2020,10,7,197,-,-,1
2020-10-08,1.57,2020,10,8,197,-,-,1
2020-10-09,1.12,2020,10,9,197,-,-,1
2020-10-10,0.76,2020,10,10,197,-,-,1
2020-10-11,0.59,2020,10,11,197,-,-,1
2020-10-12,0.71,2020,10,12,198,2020 10 12,2020 10 18,2
2020-10-13,0.41,2020,10,13,198,-,-,2
2020-10-14,0.84,2020,10,14,198,-,-,2
2020-10-15,1.32,2020,10,15,198,-,-,2
2020-10-16,1.81,2020,10,16,198,-,-,2
2020-10-17,1.69,2020,10,17,198,-,-,2
2020-10-18,2.79,2020,10,18,198,-,-,2
2020-10-19,3.17,2020,10,19,199,2020 10 19,2020 10 25,3
2020-10-20,2.0,2020,10,20,199,-,-,3
2020-10-21,2.57,2020,10,21,199,-,-,3
2020-10-22,2.87,2020,10,22,199,-,-,3
2020-10-23,2.09,2020,10,23,199,-,-,3
2020-10-24,2.21,2020,10,24,199,-,-,3
2020-10-25,0.74,2020,10,25,199,-,-,3
2020-10-26,0.85,2020,10,26,200,2020 10 26,2020 11 1,4
2020-10-27,3.2,2020,10,27,200,-,-,4
2020-10-28,1.91,2020,10,28,200,-,-,4
2020-10-29,3.03,2020,10,29,200,-,-,4
2020-10-30,3.55,2020,10,30,200,-,-,4
2020-10-31,5.43,2020,10,31,200,-,-,4
2020-11-01,7.08,2020,11,1,200,-,-,4
2020-11-02,2.1,2020,11,2,201,2020 11 2,2020 11 8,1
2020-11-03,1.1,2020,11,3,201,-,-,1
2020-11-04,1.04,2020,11,4,201,-,-,1
2020-11-05,2.51,2020,11,5,201,-,-,1
2020-11-06,3.16,2020,11,6,201,-,-,1
2020-11-07,3.41,2020,11,7,201,-,-,1
2020-11-08,1.82,2020,11,8,201,-,-,1
2020-11-09,2.2,2020,11,9,202,2020 11 9,2020 11 15,2
2020-11-10,4.25,2020,11,10,202,-,-,2
2020-11-11,3.5,2020,11,11,202,-,-,2
2020-11-12,4.25,2020,11,12,202,-,-,2
2020-11-13,4.17,2020,11,13,202,-,-,2
2020-11-14,3.42,2020,11,14,202,-,-,2
2020-11-15,2.6,2020,11,15,202,-,-,2
2020-11-16,1.95,2020,11,16,203,2020 11 16,2020 11 22,3
2020-11-17,5.72,2020,11,17,203,-,-,3
2020-11-18,8.27,2020,11,18,203,-,-,3
2020-11-19,0.87,2020,11,19,203,-,-,3
2020-11-20,6.86,2020,11,20,203,-,-,3
2020-11-21,2.47,2020,11,21,203,-,-,3
2020-11-22,3.86,2020,11,22,203,-,-,3
2020-11-23,6.9,2020,11,23,204,2020 11 23,2020 11 29,4
2020-11-24,7.01,2020,11,24,204,-,-,4
2020-11-25,4.13,2020,11,25,204,-,-,4
2020-11-26,6.09,2020,11,26,204,-,-,4
2020-11-27,10.75,2020,11,27,204,-,-,4
2020-11-28,4.85,2020,11,28,204,-,-,4
2020-11-29,4.82,2020,11,29,204,-,-,4
2020-11-30,3.86,2020,11,30,205,2020 11 30,2020 12 6,1
2020-12-01,3.73,2020,12,1,205,-,-,1
2020-12-02,2.06,2020,12,2,205,-,-,1
2020-12-03,0.93,2020,12,3,205,-,-,1
2020-12-04,0.86,2020,12,4,205,-,-,1
2020-12-05,0.79,2020,12,5,205,-,-,1
2020-12-06,1.17,2020,12,6,205,-,-,1
2020-12-07,0.62,2020,12,7,206,2020 12 7,2020 12 13,2
2020-12-08,0.52,2020,12,8,206,-,-,2
2020-12-09,1.56,2020,12,9,206,-,-,2
2020-12-10,2.27,2020,12,10,206,-,-,2
2020-12-11,1.05,2020,12,11,206,-,-,2
2020-12-12,0.9,2020,12,12,206,-,-,2
2020-12-13,4.11,2020,12,13,206,-,-,2
2020-12-14,1.67,2020,12,14,207,2020 12 14,2020 12 20,3
2020-12-15,1.74,2020,12,15,207,-,-,3
2020-12-16,2.15,2020,12,16,207,-,-,3
2020-12-17,3.11,2020,12,17,207,-,-,3
2020-12-18,3.12,2020,12,18,207,-,-,3
2020-12-19,2.55,2020,12,19,207,-,-,3
2020-12-20,3.02,2020,12,20,207,-,-,3
2020-12-21,9.42,2020,12,21,208,2020 12 21,2020 12 27,4
2020-12-22,4.84,2020,12,22,208,-,-,4
2020-12-23,1.75,2020,12,23,208,-,-,4
2020-12-24,1.34,2020,12,24,208,-,-,4
2020-12-25,0.73,2020,12,25,208,-,-,4
2020-12-26,1.61,2020,12,26,208,-,-,4
2020-12-27,0.52,2020,12,27,208,-,-,4
2020-12-28,0.66,2020,12,28,209,2020 12 28,2021 1 3,1
2020-12-29,0.83,2020,12,29,209,-,-,1
2020-12-30,1.24,2020,12,30,209,-,-,1
2020-12-31,0.6,2020,12,31,209,-,-,1
2021-01-01,0.45,2021,1,1,209,-,-,1
2021-01-02,0.93,2021,1,2,209,-,-,1
2021-01-03,0.55,2021,1,3,209,-,-,1
2021-01-04,0.81,2021,1,4,210,2021 1 4,2021 1 10,2
2021-01-05,1.24,2021,1,5,210,-,-,2
2021-01-06,1.52,2021,1,6,210,-,-,2
2021-01-07,1.95,2021,1,7,210,-,-,2
2021-01-08,2.34,2021,1,8,210,-,-,2
2021-01-09,2.07,2021,1,9,210,-,-,2
2021-01-10,2.1,2021,1,10,210,-,-,2
2021-01-11,2.07,2021,1,11,211,2021 1 11,2021 1 17,3
2021-01-12,1.8,2021,1,12,211,-,-,3
2021-01-13,3.6,2021,1,13,211,-,-,3
2021-01-14,1.88,2021,1,14,211,-,-,3
2021-01-15,3.18,2021,1,15,211,-,-,3
2021-01-16,2.95,2021,1,16,211,-,-,3
2021-01-17,3.52,2021,1,17,211,-,-,3
2021-01-18,2.91,2021,1,18,212,2021 1 18,2021 1 24,4
2021-01-19,2.82,2021,1,19,212,-,-,4
2021-01-20,1.49,2021,1,20,212,-,-,4
2021-01-21,1.86,2021,1,21,212,-,-,4
2021-01-22,1.15,2021,1,22,212,-,-,4
2021-01-23,0.52,2021,1,23,212,-,-,4
2021-01-24,0.73,2021,1,24,212,-,-,4
2021-01-25,1.31,2021,1,25,213,2021 1 25,2021 1 31,1
2021-01-26,3.46,2021,1,26,213,-,-,1
2021-01-27,4.86,2021,1,27,213,-,-,1
2021-01-28,2.69,2021,1,28,213,-,-,1
2021-01-29,2.7,2021,1,29,213,-,-,1
2021-01-30,0.53,2021,1,30,213,-,-,1
2021-01-31,0.34,2021,1,31,213,-,-,1
2021-02-01,0.84,2021,2,1,214,2021 2 1,2021 2 7,2
2021-02-02,2.32,2021,2,2,214,-,-,2
2021-02-03,1.23,2021,2,3,214,-,-,2
2021-02-04,2.58,2021,2,4,214,-,-,2
2021-02-05,2.41,2021,2,5,214,-,-,2
2021-02-06,0.62,2021,2,6,214,-,-,2
2021-02-07,1.16,2021,2,7,214,-,-,2
2021-02-08,1.52,2021,2,8,215,2021 2 8,2021 2 14,3
2021-02-09,1.23,2021,2,9,215,-,-,3
2021-02-10,0.93,2021,2,10,215,-,-,3
2021-02-11,3.21,2021,2,11,215,-,-,3
2021-02-12,1.74,2021,2,12,215,-,-,3
2021-02-13,2.55,2021,2,13,215,-,-,3
2021-02-14,1.66,2021,2,14,215,-,-,3
2021-02-15,2.81,2021,2,15,216,2021 2 15,2021 2 21,4
2021-02-16,1.95,2021,2,16,216,-,-,4
2021-02-17,2.5,2021,2,17,216,-,-,4
2021-02-18,1.47,2021,2,18,216,-,-,4
2021-02-19,1.61,2021,2,19,216,-,-,4
2021-02-20,0.2,2021,2,20,216,-,-,4
2021-02-21,0.33,2021,2,21,216,-,-,4
2021-02-22,1.0,2021,2,22,217,2021 2 22,2021 2 28,1
2021-02-23,1.85,2021,2,23,217,-,-,1
2021-02-24,2.94,2021,2,24,217,-,-,1
2021-02-25,2.04,2021,2,25,217,-,-,1
2021-02-26,1.78,2021,2,26,217,-,-,1
2021-02-27,1.39,2021,2,27,217,-,-,1
2021-02-28,2.02,2021,2,28,217,-,-,1
2021-03-01,2.63,2021,3,1,218,2021 3 1,2021 3 7,2
2021-03-02,3.34,2021,3,2,218,-,-,2
2021-03-03,5.07,2021,3,3,218,-,-,2
2021-03-04,5.81,2021,3,4,218,-,-,2
2021-03-05,2.55,2021,3,5,218,-,-,2
2021-03-06,1.07,2021,3,6,218,-,-,2
2021-03-07,1.36,2021,3,7,218,-,-,2
2021-03-08,2.37,2021,3,8,219,2021 3 8,2021 3 14,3
2021-03-09,2.28,2021,3,9,219,-,-,3
2021-03-10,7.03,2021,3,10,219,-,-,3
2021-03-11,5.1,2021,3,11,219,-,-,3
2021-03-12,2.75,2021,3,12,219,-,-,3
2021-03-13,1.86,2021,3,13,219,-,-,3
2021-03-14,0.86,2021,3,14,219,-,-,3
2021-03-15,2.91,2021,3,15,220,2021 3 15,2021 3 21,4
2021-03-16,3.06,2021,3,16,220,-,-,4
2021-03-17,4.23,2021,3,17,220,-,-,4
2021-03-18,4.09,2021,3,18,220,-,-,4
2021-03-19,1.66,2021,3,19,220,-,-,4
2021-03-20,1.55,2021,3,20,220,-,-,4
2021-03-21,1.38,2021,3,21,220,-,-,4
2021-03-22,2.47,2021,3,22,221,2021 3 22,2021 3 28,1
2021-03-23,3.49,2021,3,23,221,-,-,1
2021-03-24,2.32,2021,3,24,221,-,-,1
2021-03-25,4.11,2021,3,25,221,-,-,1
2021-03-26,2.03,2021,3,26,221,-,-,1
2021-03-27,1.3,2021,3,27,221,-,-,1
2021-03-28,2.47,2021,3,28,221,-,-,1
2021-03-29,6.92,2021,3,29,222,2021 3 29,2021 4 4,2
2021-03-30,6.31,2021,3,30,222,-,-,2
2021-03-31,6.77,2021,3,31,222,-,-,2
2021-04-01,5.79,2021,4,1,222,-,-,2
2021-04-02,1.68,2021,4,2,222,-,-,2
2021-04-03,0.64,2021,4,3,222,-,-,2
2021-04-04,1.09,2021,4,4,222,-,-,2
2021-04-05,1.69,2021,4,5,223,2021 4 5,2021 4 11,3
2021-04-06,0.51,2021,4,6,223,-,-,3
2021-04-07,0.74,2021,4,7,223,-,-,3
2021-04-08,3.25,2021,4,8,223,-,-,3
2021-04-09,4.34,2021,4,9,223,-,-,3
2021-04-10,1.81,2021,4,10,223,-,-,3
2021-04-11,0.49,2021,4,11,223,-,-,3
2021-04-12,1.43,2021,4,12,224,2021 4 12,2021 4 18,4
2021-04-13,2.08,2021,4,13,224,-,-,4
2021-04-14,1.83,2021,4,14,224,-,-,4
2021-04-15,1.45,2021,4,15,224,-,-,4
2021-04-16,1.48,2021,4,16,224,-,-,4
2021-04-17,1.09,2021,4,17,224,-,-,4
2021-04-18,1.64,2021,4,18,224,-,-,4
2021-04-19,4.45,2021,4,19,225,2021 4 19,2021 4 25,1
2021-04-20,2.46,2021,4,20,225,-,-,1
2021-04-21,1.55,2021,4,21,225,-,-,1
2021-04-22,2.65,2021,4,22,225,-,-,1
2021-04-23,4.18,2021,4,23,225,-,-,1
2021-04-24,1.35,2021,4,24,225,-,-,1
2021-04-25,1.12,2021,4,25,225,-,-,1
2021-04-26,1.48,2021,4,26,226,2021 4 26,2021 5 2,2
2021-04-27,1.25,2021,4,27,226,-,-,2
2021-04-28,1.49,2021,4,28,226,-,-,2
2021-04-29,1.32,2021,4,29,226,-,-,2
2021-04-30,1.33,2021,4,30,226,-,-,2
2021-05-01,1.98,2021,5,1,226,-,-,2
2021-05-02,1.99,2021,5,2,226,-,-,2
2021-05-03,1.98,2021,5,3,227,2021 5 3,2021 5 9,3
2021-05-04,2.63,2021,5,4,227,-,-,3
2021-05-05,1.91,2021,5,5,227,-,-,3
2021-05-06,2.46,2021,5,6,227,-,-,3
2021-05-07,2.78,2021,5,7,227,-,-,3
2021-05-08,1.86,2021,5,8,227,-,-,3
2021-05-09,2.13,2021,5,9,227,-,-,3
2021-05-10,2.55,2021,5,10,228,2021 5 10,2021 5 16,4
2021-05-11,2.56,2021,5,11,228,-,-,4
2021-05-12,2.98,2021,5,12,228,-,-,4
2021-05-13,1.93,2021,5,13,228,-,-,4
2021-05-14,2.12,2021,5,14,228,-,-,4
2021-05-15,1.63,2021,5,15,228,-,-,4
2021-05-16,0.66,2021,5,16,228,-,-,4
2021-05-17,1.26,2021,5,17,229,2021 5 17,2021 5 23,1
2021-05-18,1.12,2021,5,18,229,-,-,1
2021-05-19,1.55,2021,5,19,229,-,-,1
2021-05-20,1.58,2021,5,20,229,-,-,1
2021-05-21,0.71,2021,5,21,229,-,-,1
2021-05-22,0.9,2021,5,22,229,-,-,1
2021-05-23,0.78,2021,5,23,229,-,-,1
2021-05-24,0.66,2021,5,24,230,2021 5 24,2021 5 30,2
2021-05-25,1.04,2021,5,25,230,-,-,2
2021-05-26,1.96,2021,5,26,230,-,-,2
2021-05-27,3.76,2021,5,27,230,-,-,2
2021-05-28,2.0,2021,5,28,230,-,-,2
2021-05-29,0.93,2021,5,29,230,-,-,2
2021-05-30,1.19,2021,5,30,230,-,-,2
2021-05-31,2.9,2021,5,31,231,2021 5 31,2021 6 6,3
2021-06-01,3.51,2021,6,1,231,-,-,3
2021-06-02,1.72,2021,6,2,231,-,-,3
2021-06-03,0.79,2021,6,3,231,-,-,3
2021-06-04,1.25,2021,6,4,231,-,-,3
2021-06-05,1.49,2021,6,5,231,-,-,3
2021-06-06,0.26,2021,6,6,231,-,-,3
2021-06-07,0.8,2021,6,7,232,2021 6 7,2021 6 13,4
2021-06-08,0.73,2021,6,8,232,-,-,4
2021-06-09,0.74,2021,6,9,232,-,-,4
2021-06-10,0.73,2021,6,10,232,-,-,4
2021-06-11,0.66,2021,6,11,232,-,-,4
2021-06-12,0.49,2021,6,12,232,-,-,4
2021-06-13,1.14,2021,6,13,232,-,-,4
2021-06-14,1.77,2021,6,14,233,2021 6 14,2021 6 20,1
2021-06-15,1.77,2021,6,15,233,-,-,1
2021-06-16,2.4,2021,6,16,233,-,-,1
2021-06-17,1.69,2021,6,17,233,-,-,1
2021-06-18,1.23,2021,6,18,233,-,-,1
2021-06-19,0.48,2021,6,19,233,-,-,1
2021-06-20,0.7,2021,6,20,233,-,-,1
2021-06-21,1.6,2021,6,21,234,2021 6 21,2021 6 27,2
2021-06-22,0.55,2021,6,22,234,-,-,2
2021-06-23,1.7,2021,6,23,234,-,-,2
2021-06-24,1.33,2021,6,24,234,-,-,2
2021-06-25,1.86,2021,6,25,234,-,-,2
2021-06-26,0.84,2021,6,26,234,-,-,2
2021-06-27,0.38,2021,6,27,234,-,-,2
2021-06-28,1.01,2021,6,28,235,2021 6 28,2021 7 4,3
2021-06-29,1.12,2021,6,29,235,-,-,3
2021-06-30,1.15,2021,6,30,235,-,-,3
2021-07-01,2.3,2021,7,1,235,-,-,3
2021-07-02,3.66,2021,7,2,235,-,-,3
2021-07-03,1.61,2021,7,3,235,-,-,3
2021-07-04,0.94,2021,7,4,235,-,-,3
2021-07-05,1.57,2021,7,5,236,2021 7 5,2021 7 11,4
2021-07-06,0.68,2021,7,6,236,-,-,4
2021-07-07,1.13,2021,7,7,236,-,-,4
2021-07-08,0.99,2021,7,8,236,-,-,4
2021-07-09,1.24,2021,7,9,236,-,-,4
2021-07-10,1.66,2021,7,10,236,-,-,4
2021-07-11,0.95,2021,7,11,236,-,-,4
2021-07-12,0.57,2021,7,12,237,2021 7 12,2021 7 18,1
2021-07-13,0.45,2021,7,13,237,-,-,1
2021-07-14,0.86,2021,7,14,237,-,-,1
2021-07-15,0.58,2021,7,15,237,-,-,1
2021-07-16,0.83,2021,7,16,237,-,-,1
2021-07-17,0.72,2021,7,17,237,-,-,1
2021-07-18,0.72,2021,7,18,237,-,-,1
2021-07-19,1.79,2021,7,19,238,2021 7 19,2021 7 25,2
2021-07-20,1.66,2021,7,20,238,-,-,2
2021-07-21,1.59,2021,7,21,238,-,-,2
2021-07-22,1.6,2021,7,22,238,-,-,2
2021-07-23,1.18,2021,7,23,238,-,-,2
2021-07-24,1.5,2021,7,24,238,-,-,2
2021-07-25,0.82,2021,7,25,238,-,-,2
2021-07-26,1.18,2021,7,26,239,2021 7 26,2021 8 1,3
2021-07-27,0.86,2021,7,27,239,-,-,3
2021-07-28,1.26,2021,7,28,239,-,-,3
2021-07-29,1.2,2021,7,29,239,-,-,3
2021-07-30,1.31,2021,7,30,239,-,-,3
2021-07-31,0.59,2021,7,31,239,-,-,3
2021-08-01,0.66,2021,8,1,239,-,-,3
2021-08-02,1.15,2021,8,2,240,2021 8 2,2021 8 8,4
2021-08-03,1.91,2021,8,3,240,-,-,4
2021-08-04,1.69,2021,8,4,240,-,-,4
2021-08-05,1.39,2021,8,5,240,-,-,4
2021-08-06,0.93,2021,8,6,240,-,-,4
2021-08-07,0.82,2021,8,7,240,-,-,4
2021-08-08,0.48,2021,8,8,240,-,-,4
2021-08-09,1.77,2021,8,9,241,2021 8 9,2021 8 15,1
2021-08-10,2.45,2021,8,10,241,-,-,1
2021-08-11,1.93,2021,8,11,241,-,-,1
2021-08-12,1.18,2021,8,12,241,-,-,1
2021-08-13,1.35,2021,8,13,241,-,-,1
2021-08-14,0.77,2021,8,14,241,-,-,1
2021-08-15,0.36,2021,8,15,241,-,-,1
2021-08-16,0.29,2021,8,16,242,2021 8 16,2021 8 22,2
2021-08-17,0.55,2021,8,17,242,-,-,2
2021-08-18,0.62,2021,8,18,242,-,-,2
2021-08-19,0.74,2021,8,19,242,-,-,2
2021-08-20,1.0,2021,8,20,242,-,-,2
2021-08-21,1.54,2021,8,21,242,-,-,2
2021-08-22,0.47,2021,8,22,242,-,-,2
2021-08-23,1.23,2021,8,23,243,2021 8 23,2021 8 29,3
2021-08-24,1.13,2021,8,24,243,-,-,3
2021-08-25,1.46,2021,8,25,243,-,-,3
2021-08-26,2.55,2021,8,26,243,-,-,3
2021-08-27,1.92,2021,8,27,243,-,-,3
2021-08-28,0.56,2021,8,28,243,-,-,3
2021-08-29,0.62,2021,8,29,243,-,-,3
2021-08-30,0.99,2021,8,30,244,2021 8 30,2021 9 5,4
2021-08-31,1.24,2021,8,31,244,-,-,4
2021-09-01,2.62,2021,9,1,244,-,-,4
2021-09-02,2.49,2021,9,2,244,-,-,4
2021-09-03,1.92,2021,9,3,244,-,-,4
2021-09-04,1.47,2021,9,4,244,-,-,4
2021-09-05,2.55,2021,9,5,244,-,-,4
2021-09-06,5.58,2021,9,6,245,2021 9 6,2021 9 12,1
2021-09-07,3.7,2021,9,7,245,-,-,1
2021-09-08,1.33,2021,9,8,245,-,-,1
2021-09-09,1.71,2021,9,9,245,-,-,1
2021-09-10,1.97,2021,9,10,245,-,-,1
2021-09-11,2.26,2021,9,11,245,-,-,1
2021-09-12,2.35,2021,9,12,245,-,-,1
2021-09-13,4.91,2021,9,13,246,2021 9 13,2021 9 19,2
2021-09-14,2.87,2021,9,14,246,-,-,2
2021-09-15,2.13,2021,9,15,246,-,-,2
2021-09-16,2.08,2021,9,16,246,-,-,2
2021-09-17,2.38,2021,9,17,246,-,-,2
2021-09-18,1.31,2021,9,18,246,-,-,2
2021-09-19,1.06,2021,9,19,246,-,-,2
2021-09-20,1.21,2021,9,20,247,2021 9 20,2021 9 26,3
2021-09-21,1.64,2021,9,21,247,-,-,3
2021-09-22,2.3,2021,9,22,247,-,-,3
2021-09-23,2.05,2021,9,23,247,-,-,3
2021-09-24,3.08,2021,9,24,247,-,-,3
2021-09-25,2.41,2021,9,25,247,-,-,3
2021-09-26,2.34,2021,9,26,247,-,-,3
2021-09-27,1.82,2021,9,27,248,2021 9 27,2021 10 3,4
2021-09-28,2.29,2021,9,28,248,-,-,4
2021-09-29,1.83,2021,9,29,248,-,-,4
2021-09-30,3.42,2021,9,30,248,-,-,4
2021-10-01,2.68,2021,10,1,248,-,-,4
2021-10-02,3.01,2021,10,2,248,-,-,4
2021-10-03,1.04,2021,10,3,248,-,-,4
2021-10-04,1.9,2021,10,4,249,2021 10 4,2021 10 10,1
2021-10-05,0.89,2021,10,5,249,-,-,1
2021-10-06,2.64,2021,10,6,249,-,-,1
2021-10-07,4.77,2021,10,7,249,-,-,1
2021-10-08,4.93,2021,10,8,249,-,-,1
2021-10-09,3.08,2021,10,9,249,-,-,1
2021-10-10,2.32,2021,10,10,249,-,-,1
2021-10-11,2.87,2021,10,11,250,2021 10 11,2021 10 17,2
2021-10-12,3.13,2021,10,12,250,-,-,2
2021-10-13,2.49,2021,10,13,250,-,-,2
2021-10-14,5.79,2021,10,14,250,-,-,2
2021-10-15,3.49,2021,10,15,250,-,-,2
2021-10-16,3.35,2021,10,16,250,-,-,2
2021-10-17,3.21,2021,10,17,250,-,-,2
2021-10-18,6.45,2021,10,18,251,2021 10 18,2021 10 24,3
2021-10-19,9.38,2021,10,19,251,-,-,3
2021-10-20,6.99,2021,10,20,251,-,-,3
2021-10-21,1.57,2021,10,21,251,-,-,3
2021-10-22,1.88,2021,10,22,251,-,-,3
2021-10-23,3.05,2021,10,23,251,-,-,3
2021-10-24,2.05,2021,10,24,251,-,-,3
2021-10-25,2.31,2021,10,25,252,2021 10 25,2021 10 31,4
2021-10-26,6.05,2021,10,26,252,-,-,4
2021-10-27,4.69,2021,10,27,252,-,-,4
2021-10-28,5.52,2021,10,28,252,-,-,4
2021-10-29,2.8,2021,10,29,252,-,-,4
2021-10-30,2.64,2021,10,30,252,-,-,4
2021-10-31,2.78,2021,10,31,252,-,-,4
2021-11-01,0.97,2021,11,1,253,2021 11 1,2021 11 7,1
2021-11-02,1.91,2021,11,2,253,-,-,1
2021-11-03,1.7,2021,11,3,253,-,-,1
2021-11-04,2.03,2021,11,4,253,-,-,1
2021-11-05,2.4,2021,11,5,253,-,-,1
2021-11-06,2.76,2021,11,6,253,-,-,1
2021-11-07,1.87,2021,11,7,253,-,-,1
2021-11-08,2.33,2021,11,8,254,2021 11 8,2021 11 14,2
2021-11-09,1.38,2021,11,9,254,-,-,2
2021-11-10,5.53,2021,11,10,254,-,-,2
2021-11-11,4.42,2021,11,11,254,-,-,2
2021-11-12,4.18,2021,11,12,254,-,-,2
2021-11-13,3.21,2021,11,13,254,-,-,2
2021-11-14,1.42,2021,11,14,254,-,-,2
2021-11-15,2.39,2021,11,15,255,2021 11 15,2021 11 21,3
2021-11-16,3.85,2021,11,16,255,-,-,3
2021-11-17,4.0,2021,11,17,255,-,-,3
2021-11-18,4.02,2021,11,18,255,-,-,3
2021-11-19,5.32,2021,11,19,255,-,-,3
2021-11-20,7.28,2021,11,20,255,-,-,3
2021-11-21,2.6,2021,11,21,255,-,-,3
2021-11-22,1.82,2021,11,22,256,2021 11 22,2021 11 28,4
2021-11-23,2.03,2021,11,23,256,-,-,4
2021-11-24,1.03,2021,11,24,256,-,-,4
2021-11-25,2.02,2021,11,25,256,-,-,4
2021-11-26,1.62,2021,11,26,256,-,-,4
2021-11-27,0.65,2021,11,27,256,-,-,4
2021-11-28,0.94,2021,11,28,256,-,-,4
2021-11-29,2.86,2021,11,29,257,2021 11 29,2021 12 5,1
2021-11-30,4.77,2021,11,30,257,-,-,1
2021-12-01,2.26,2021,12,1,257,-,-,1
2021-12-02,1.44,2021,12,2,257,-,-,1
2021-12-03,4.15,2021,12,3,257,-,-,1
2021-12-04,1.49,2021,12,4,257,-,-,1
2021-12-05,0.98,2021,12,5,257,-,-,1
2021-12-06,2.32,2021,12,6,258,2021 12 6,2021 12 12,2
2021-12-07,3.54,2021,12,7,258,-,-,2
2021-12-08,0.59,2021,12,8,258,-,-,2
2021-12-09,1.53,2021,12,9,258,-,-,2
2021-12-10,0.83,2021,12,10,258,-,-,2
2021-12-11,2.06,2021,12,11,258,-,-,2
2021-12-12,4.53,2021,12,12,258,-,-,2
2021-12-13,8.37,2021,12,13,259,2021 12 13,2021 12 19,3
2021-12-14,6.68,2021,12,14,259,-,-,3
2021-12-15,7.37,2021,12,15,259,-,-,3
2021-12-16,8.05,2021,12,16,259,-,-,3
2021-12-17,8.04,2021,12,17,259,-,-,3
2021-12-18,8.05,2021,12,18,259,-,-,3
2021-12-19,8.72,2021,12,19,259,-,-,3
2021-12-20,8.72,2021,12,20,260,2021 12 20,2021 12 26,4
2021-12-21,10.67,2021,12,21,260,-,-,4
2021-12-22,5.81,2021,12,22,260,-,-,4
2021-12-23,5.85,2021,12,23,260,-,-,4
2021-12-24,5.89,2021,12,24,260,-,-,4
2021-12-25,6.35,2021,12,25,260,-,-,4
2021-12-26,6.39,2021,12,26,260,-,-,4
2021-12-27,2.72,2021,12,27,261,2021 12 27,2022 1 2,1
2021-12-28,4.19,2021,12,28,261,-,-,1
2021-12-29,6.16,2021,12,29,261,-,-,1
2021-12-30,8.6,2021,12,30,261,-,-,1
2021-12-31,6.75,2021,12,31,261,-,-,1
2022-01-01,2.16,2022,1,1,261,-,-,1
2022-01-02,4.89,2022,1,2,261,-,-,1
2022-01-03,7.35,2022,1,3,262,2022 1 3,2022 1 9,2
2022-01-04,2.31,2022,1,4,262,-,-,2
2022-01-05,5.13,2022,1,5,262,-,-,2
2022-01-06,3.12,2022,1,6,262,-,-,2
2022-01-07,2.25,2022,1,7,262,-,-,2
2022-01-08,2.22,2022,1,8,262,-,-,2
2022-01-09,0.58,2022,1,9,262,-,-,2
2022-01-10,2.77,2022,1,10,263,2022 1 10,2022 1 16,3
2022-01-11,1.77,2022,1,11,263,-,-,3
2022-01-12,2.0,2022,1,12,263,-,-,3
2022-01-13,3.82,2022,1,13,263,-,-,3
2022-01-14,4.99,2022,1,14,263,-,-,3
2022-01-15,4.6,2022,1,15,263,-,-,3
2022-01-16,5.63,2022,1,16,263,-,-,3
2022-01-17,7.87,2022,1,17,264,2022 1 17,2022 1 23,4
2022-01-18,6.43,2022,1,18,264,-,-,4
2022-01-19,6.52,2022,1,19,264,-,-,4
2022-01-20,4.75,2022,1,20,264,-,-,4
2022-01-21,4.77,2022,1,21,264,-,-,4
2022-01-22,5.69,2022,1,22,264,-,-,4
2022-01-23,5.68,2022,1,23,264,-,-,4
2022-01-24,5.69,2022,1,24,265,2022 1 24,2022 1 30,1
2022-01-25,6.61,2022,1,25,265,-,-,1
2022-01-26,5.48,2022,1,26,265,-,-,1
2022-01-27,3.63,2022,1,27,265,-,-,1
2022-01-28,3.37,2022,1,28,265,-,-,1
2022-01-29,3.64,2022,1,29,265,-,-,1
2022-01-30,2.72,2022,1,30,265,-,-,1
2022-01-31,2.16,2022,1,31,266,2022 1 31,2022 2 6,2
2022-02-01,2.81,2022,2,1,266,-,-,2
2022-02-02,8.33,2022,2,2,266,-,-,2
2022-02-03,8.4,2022,2,3,266,-,-,2
2022-02-04,4.56,2022,2,4,266,-,-,2
2022-02-05,1.74,2022,2,5,266,-,-,2
2022-02-06,2.39,2022,2,6,266,-,-,2
2022-02-07,2.87,2022,2,7,267,2022 2 7,2022 2 13,3
2022-02-08,5.19,2022,2,8,267,-,-,3
2022-02-09,6.66,2022,2,9,267,-,-,3
2022-02-10,6.21,2022,2,10,267,-,-,3
2022-02-11,3.0,2022,2,11,267,-,-,3
2022-02-12,2.92,2022,2,12,267,-,-,3
2022-02-13,2.35,2022,2,13,267,-,-,3
2022-02-14,1.35,2022,2,14,268,2022 2 14,2022 2 20,4
2022-02-15,3.15,2022,2,15,268,-,-,4
2022-02-16,4.39,2022,2,16,268,-,-,4
2022-02-17,4.44,2022,2,17,268,-,-,4
2022-02-18,2.58,2022,2,18,268,-,-,4
2022-02-19,1.6,2022,2,19,268,-,-,4
2022-02-20,1.83,2022,2,20,268,-,-,4
2022-02-21,1.81,2022,2,21,269,2022 2 21,2022 2 27,1
2022-02-22,3.1,2022,2,22,269,-,-,1
2022-02-23,4.77,2022,2,23,269,-,-,1
2022-02-24,0.94,2022,2,24,269,-,-,1
2022-02-25,0.66,2022,2,25,269,-,-,1
2022-02-26,2.67,2022,2,26,269,-,-,1
2022-02-27,2.93,2022,2,27,269,-,-,1
2022-02-28,3.57,2022,2,28,270,2022 2 28,2022 3 6,2
2022-03-01,4.4,2022,3,1,270,-,-,2
2022-03-02,2.26,2022,3,2,270,-,-,2
2022-03-03,1.9,2022,3,3,270,-,-,2
2022-03-04,1.78,2022,3,4,270,-,-,2
2022-03-05,1.54,2022,3,5,270,-,-,2
2022-03-06,0.84,2022,3,6,270,-,-,2
2022-03-07,2.59,2022,3,7,271,2022 3 7,2022 3 13,3
2022-03-08,3.55,2022,3,8,271,-,-,3
2022-03-09,2.52,2022,3,9,271,-,-,3
2022-03-10,3.38,2022,3,10,271,-,-,3
2022-03-11,1.8,2022,3,11,271,-,-,3
2022-03-12,2.02,2022,3,12,271,-,-,3
2022-03-13,1.39,2022,3,13,271,-,-,3
2022-03-14,1.93,2022,3,14,272,2022 3 14,2022 3 20,4
2022-03-15,3.37,2022,3,15,272,-,-,4
2022-03-16,2.12,2022,3,16,272,-,-,4
2022-03-17,1.33,2022,3,17,272,-,-,4
2022-03-18,3.95,2022,3,18,272,-,-,4
2022-03-19,3.97,2022,3,19,272,-,-,4
2022-03-20,3.44,2022,3,20,272,-,-,4
2022-03-21,3.16,2022,3,21,273,2022 3 21,2022 3 27,1
2022-03-22,4.12,2022,3,22,273,-,-,1
2022-03-23,2.07,2022,3,23,273,-,-,1
2022-03-24,3.16,2022,3,24,273,-,-,1
2022-03-25,2.62,2022,3,25,273,-,-,1
2022-03-26,3.46,2022,3,26,273,-,-,1
2022-03-27,3.01,2022,3,27,273,-,-,1
2022-03-28,3.91,2022,3,28,274,2022 3 28,2022 4 3,2
2022-03-29,1.65,2022,3,29,274,-,-,2
2022-03-30,1.14,2022,3,30,274,-,-,2
2022-03-31,0.94,2022,3,31,274,-,-,2
2022-04-01,0.98,2022,4,1,274,-,-,2
2022-04-02,0.95,2022,4,2,274,-,-,2
2022-04-03,0.86,2022,4,3,274,-,-,2
2022-04-04,1.9,2022,4,4,275,2022 4 4,2022 4 10,3
2022-04-05,1.91,2022,4,5,275,-,-,3
2022-04-06,2.81,2022,4,6,275,-,-,3
2022-04-07,2.22,2022,4,7,275,-,-,3
2022-04-08,2.22,2022,4,8,275,-,-,3
2022-04-09,1.32,2022,4,9,275,-,-,3
2022-04-10,2.37,2022,4,10,275,-,-,3
2022-04-11,1.6,2022,4,11,276,2022 4 11,2022 4 17,4
2022-04-12,2.5,2022,4,12,276,-,-,4
2022-04-13,1.2,2022,4,13,276,-,-,4
2022-04-14,1.33,2022,4,14,276,-,-,4
2022-04-15,0.45,2022,4,15,276,-,-,4
2022-04-16,0.97,2022,4,16,276,-,-,4
2022-04-17,0.66,2022,4,17,276,-,-,4
2022-04-18,1.07,2022,4,18,277,2022 4 18,2022 4 24,1
2022-04-19,0.73,2022,4,19,277,-,-,1
2022-04-20,0.77,2022,4,20,277,-,-,1
2022-04-21,1.26,2022,4,21,277,-,-,1
2022-04-22,2.26,2022,4,22,277,-,-,1
2022-04-23,0.74,2022,4,23,277,-,-,1
2022-04-24,1.19,2022,4,24,277,-,-,1
2022-04-25,2.47,2022,4,25,278,2022 4 25,2022 5 1,2
2022-04-26,2.9,2022,4,26,278,-,-,2
2022-04-27,2.21,2022,4,27,278,-,-,2
2022-04-28,1.51,2022,4,28,278,-,-,2
2022-04-29,2.79,2022,4,29,278,-,-,2
2022-04-30,1.37,2022,4,30,278,-,-,2
2022-05-01,0.56,2022,5,1,278,-,-,2
2022-05-02,0.86,2022,5,2,279,2022 5 2,2022 5 8,3
2022-05-03,1.58,2022,5,3,279,-,-,3
2022-05-04,2.24,2022,5,4,279,-,-,3
2022-05-05,2.22,2022,5,5,279,-,-,3
2022-05-06,2.02,2022,5,6,279,-,-,3
2022-05-07,2.02,2022,5,7,279,-,-,3
2022-05-08,1.23,2022,5,8,279,-,-,3
2022-05-09,3.36,2022,5,9,280,2022 5 9,2022 5 15,4
2022-05-10,2.56,2022,5,10,280,-,-,4
2022-05-11,1.53,2022,5,11,280,-,-,4
2022-05-12,1.19,2022,5,12,280,-,-,4
2022-05-13,1.14,2022,5,13,280,-,-,4
2022-05-14,0.91,2022,5,14,280,-,-,4
2022-05-15,1.34,2022,5,15,280,-,-,4
2022-05-16,2.34,2022,5,16,281,2022 5 16,2022 5 22,1
2022-05-17,2.14,2022,5,17,281,-,-,1
2022-05-18,1.17,2022,5,18,281,-,-,1
2022-05-19,1.32,2022,5,19,281,-,-,1
2022-05-20,0.92,2022,5,20,281,-,-,1
2022-05-21,1.04,2022,5,21,281,-,-,1
2022-05-22,1.35,2022,5,22,281,-,-,1
2022-05-23,1.04,2022,5,23,282,2022 5 23,2022 5 29,2
2022-05-24,1.75,2022,5,24,282,-,-,2
2022-05-25,1.22,2022,5,25,282,-,-,2
2022-05-26,2.1,2022,5,26,282,-,-,2
2022-05-27,0.39,2022,5,27,282,-,-,2
2022-05-28,0.27,2022,5,28,282,-,-,2
2022-05-29,0.58,2022,5,29,282,-,-,2
2022-05-30,1.27,2022,5,30,283,2022 5 30,2022 6 5,3
2022-05-31,1.6,2022,5,31,283,-,-,3
2022-06-01,1.92,2022,6,1,283,-,-,3
2022-06-02,1.61,2022,6,2,283,-,-,3
2022-06-03,0.57,2022,6,3,283,-,-,3
2022-06-04,0.51,2022,6,4,283,-,-,3
2022-06-05,0.48,2022,6,5,283,-,-,3
2022-06-06,0.7,2022,6,6,284,2022 6 6,2022 6 12,4
2022-06-07,0.78,2022,6,7,284,-,-,4
2022-06-08,1.79,2022,6,8,284,-,-,4
2022-06-09,1.3,2022,6,9,284,-,-,4
2022-06-10,2.25,2022,6,10,284,-,-,4
2022-06-11,0.32,2022,6,11,284,-,-,4
2022-06-12,0.24,2022,6,12,284,-,-,4
2022-06-13,0.7,2022,6,13,285,2022 6 13,2022 6 19,1
2022-06-14,1.91,2022,6,14,285,-,-,1
2022-06-15,3.81,2022,6,15,285,-,-,1
2022-06-16,2.38,2022,6,16,285,-,-,1
2022-06-17,2.72,2022,6,17,285,-,-,1
2022-06-18,1.2,2022,6,18,285,-,-,1
2022-06-19,0.5,2022,6,19,285,-,-,1
2022-06-20,2.98,2022,6,20,286,2022 6 20,2022 6 26,2
2022-06-21,2.95,2022,6,21,286,-,-,2
2022-06-22,1.02,2022,6,22,286,-,-,2
2022-06-23,1.43,2022,6,23,286,-,-,2
2022-06-24,1.35,2022,6,24,286,-,-,2
2022-06-25,0.45,2022,6,25,286,-,-,2
2022-06-26,0.44,2022,6,26,286,-,-,2
2022-06-27,0.71,2022,6,27,287,2022 6 27,2022 7 3,3
2022-06-28,1.06,2022,6,28,287,-,-,3
2022-06-29,0.66,2022,6,29,287,-,-,3
2022-06-30,0.72,2022,6,30,287,-,-,3
2022-07-01,1.51,2022,7,1,287,-,-,3
2022-07-02,1.03,2022,7,2,287,-,-,3
2022-07-03,0.36,2022,7,3,287,-,-,3
2022-07-04,0.11,2022,7,4,288,2022 7 4,2022 7 10,4
2022-07-05,0.14,2022,7,5,288,-,-,4
2022-07-06,0.2,2022,7,6,288,-,-,4
2022-07-07,0.87,2022,7,7,288,-,-,4
2022-07-08,4.19,2022,7,8,288,-,-,4
2022-07-09,7.03,2022,7,9,288,-,-,4
2022-07-10,8.1,2022,7,10,288,-,-,4
2022-07-11,8.12,2022,7,11,289,2022 7 11,2022 7 17,1
2022-07-12,6.88,2022,7,12,289,-,-,1
2022-07-13,6.53,2022,7,13,289,-,-,1
2022-07-14,5.09,2022,7,14,289,-,-,1
2022-07-15,0.85,2022,7,15,289,-,-,1
2022-07-16,1.27,2022,7,16,289,-,-,1
2022-07-17,0.92,2022,7,17,289,-,-,1
2022-07-18,0.71,2022,7,18,290,2022 7 18,2022 7 24,2
2022-07-19,0.49,2022,7,19,290,-,-,2
2022-07-20,0.55,2022,7,20,290,-,-,2
2022-07-21,0.73,2022,7,21,290,-,-,2
2022-07-22,0.37,2022,7,22,290,-,-,2
2022-07-23,0.31,2022,7,23,290,-,-,2
2022-07-24,0.49,2022,7,24,290,-,-,2
2022-07-25,0.37,2022,7,25,291,2022 7 25,2022 7 31,3
2022-07-26,0.32,2022,7,26,291,-,-,3
2022-07-27,0.51,2022,7,27,291,-,-,3
2022-07-28,0.54,2022,7,28,291,-,-,3
2022-07-29,0.53,2022,7,29,291,-,-,3
2022-07-30,0.35,2022,7,30,291,-,-,3
2022-07-31,0.45,2022,7,31,291,-,-,3
